design_id,label,source_id
train_neg_1015,0,train_neg_1015
train_neg_102,0,train_neg_102
train_neg_1020,0,train_neg_1020
train_neg_1085,0,train_neg_1085
train_neg_109,0,train_neg_109
train_neg_1105,0,train_neg_1105
train_neg_1199,0,train_neg_1199
train_neg_1257,0,train_neg_1257
train_neg_1297,0,train_neg_1297
train_neg_13,0,train_neg_13
train_neg_1312,0,train_neg_1312
train_neg_1327,0,train_neg_1327
train_neg_1358,0,train_neg_1358
train_neg_1388,0,train_neg_1388
train_neg_1397,0,train_neg_1397
train_neg_1433,0,train_neg_1433
train_neg_1478,0,train_neg_1478
train_neg_1516,0,train_neg_1516
train_neg_1545,0,train_neg_1545
train_neg_1576,0,train_neg_1576
train_neg_1595,0,train_neg_1595
train_neg_1634,0,train_neg_1634
train_neg_1667,0,train_neg_1667
train_neg_1726,0,train_neg_1726
train_neg_178,0,train_neg_178
train_neg_1793,0,train_neg_1793
train_neg_1810,0,train_neg_1810
train_neg_1828,0,train_neg_1828
train_neg_187,0,train_neg_187
train_neg_1962,0,train_neg_1962
train_neg_1968,0,train_neg_1968
train_neg_2054,0,train_neg_2054
train_neg_2056,0,train_neg_2056
train_neg_2124,0,train_neg_2124
train_neg_2130,0,train_neg_2130
train_neg_2132,0,train_neg_2132
train_neg_219,0,train_neg_219
train_neg_2301,0,train_neg_2301
train_neg_2359,0,train_neg_2359
train_neg_2467,0,train_neg_2467
train_neg_2542,0,train_neg_2542
train_neg_2552,0,train_neg_2552
train_neg_259,0,train_neg_259
train_neg_2725,0,train_neg_2725
train_neg_2740,0,train_neg_2740
train_neg_2752,0,train_neg_2752
train_neg_2805,0,train_neg_2805
train_neg_2870,0,train_neg_2870
train_neg_2886,0,train_neg_2886
train_neg_2926,0,train_neg_2926
train_neg_2938,0,train_neg_2938
train_neg_2943,0,train_neg_2943
train_neg_299,0,train_neg_299
train_neg_3033,0,train_neg_3033
train_neg_3048,0,train_neg_3048
train_neg_3102,0,train_neg_3102
train_neg_3179,0,train_neg_3179
train_neg_3184,0,train_neg_3184
train_neg_3205,0,train_neg_3205
train_neg_3206,0,train_neg_3206
train_neg_323,0,train_neg_323
train_neg_3296,0,train_neg_3296
train_neg_3358,0,train_neg_3358
train_neg_3395,0,train_neg_3395
train_neg_3427,0,train_neg_3427
train_neg_3487,0,train_neg_3487
train_neg_3491,0,train_neg_3491
train_neg_3573,0,train_neg_3573
train_neg_3624,0,train_neg_3624
train_neg_3649,0,train_neg_3649
train_neg_3672,0,train_neg_3672
train_neg_371,0,train_neg_371
train_neg_375,0,train_neg_375
train_neg_3752,0,train_neg_3752
train_neg_3827,0,train_neg_3827
train_neg_384,0,train_neg_384
train_neg_3853,0,train_neg_3853
train_neg_3864,0,train_neg_3864
train_neg_3926,0,train_neg_3926
train_neg_3948,0,train_neg_3948
train_neg_4126,0,train_neg_4126
train_neg_4167,0,train_neg_4167
train_neg_4338,0,train_neg_4338
train_neg_4377,0,train_neg_4377
train_neg_476,0,train_neg_476
train_neg_501,0,train_neg_501
train_neg_510,0,train_neg_510
train_neg_524,0,train_neg_524
train_neg_574,0,train_neg_574
train_neg_590,0,train_neg_590
train_neg_607,0,train_neg_607
train_neg_648,0,train_neg_648
train_neg_662,0,train_neg_662
train_neg_750,0,train_neg_750
train_neg_825,0,train_neg_825
train_neg_827,0,train_neg_827
train_neg_832,0,train_neg_832
train_neg_951,0,train_neg_951
train_neg_961,0,train_neg_961
train_neg_981,0,train_neg_981
train_pos_10,1,train_pos_10
train_pos_1023,1,train_pos_1023
train_pos_1067,1,train_pos_1067
train_pos_1141,1,train_pos_1141
train_pos_1145,1,train_pos_1145
train_pos_116,1,train_pos_116
train_pos_1168,1,train_pos_1168
train_pos_1204,1,train_pos_1204
train_pos_1226,1,train_pos_1226
train_pos_133,1,train_pos_133
train_pos_1507,1,train_pos_1507
train_pos_1530,1,train_pos_1530
train_pos_1552,1,train_pos_1552
train_pos_1560,1,train_pos_1560
train_pos_1566,1,train_pos_1566
train_pos_1665,1,train_pos_1665
train_pos_1676,1,train_pos_1676
train_pos_1763,1,train_pos_1763
train_pos_1790,1,train_pos_1790
train_pos_1807,1,train_pos_1807
train_pos_1817,1,train_pos_1817
train_pos_1930,1,train_pos_1930
train_pos_1955,1,train_pos_1955
train_pos_1984,1,train_pos_1984
train_pos_1991,1,train_pos_1991
train_pos_1999,1,train_pos_1999
train_pos_2053,1,train_pos_2053
train_pos_2122,1,train_pos_2122
train_pos_2131,1,train_pos_2131
train_pos_2134,1,train_pos_2134
train_pos_2221,1,train_pos_2221
train_pos_2255,1,train_pos_2255
train_pos_2258,1,train_pos_2258
train_pos_2309,1,train_pos_2309
train_pos_2357,1,train_pos_2357
train_pos_2379,1,train_pos_2379
train_pos_2385,1,train_pos_2385
train_pos_2470,1,train_pos_2470
train_pos_2485,1,train_pos_2485
train_pos_2541,1,train_pos_2541
train_pos_2591,1,train_pos_2591
train_pos_2598,1,train_pos_2598
train_pos_2622,1,train_pos_2622
train_pos_2657,1,train_pos_2657
train_pos_2665,1,train_pos_2665
train_pos_2705,1,train_pos_2705
train_pos_271,1,train_pos_271
train_pos_2726,1,train_pos_2726
train_pos_2730,1,train_pos_2730
train_pos_2747,1,train_pos_2747
train_pos_2899,1,train_pos_2899
train_pos_2928,1,train_pos_2928
train_pos_2934,1,train_pos_2934
train_pos_3154,1,train_pos_3154
train_pos_3156,1,train_pos_3156
train_pos_317,1,train_pos_317
train_pos_3206,1,train_pos_3206
train_pos_3268,1,train_pos_3268
train_pos_3318,1,train_pos_3318
train_pos_332,1,train_pos_332
train_pos_3436,1,train_pos_3436
train_pos_3446,1,train_pos_3446
train_pos_3557,1,train_pos_3557
train_pos_3627,1,train_pos_3627
train_pos_3646,1,train_pos_3646
train_pos_3670,1,train_pos_3670
train_pos_3692,1,train_pos_3692
train_pos_3868,1,train_pos_3868
train_pos_3904,1,train_pos_3904
train_pos_3905,1,train_pos_3905
train_pos_3908,1,train_pos_3908
train_pos_3981,1,train_pos_3981
train_pos_3985,1,train_pos_3985
train_pos_4009,1,train_pos_4009
train_pos_4036,1,train_pos_4036
train_pos_4044,1,train_pos_4044
train_pos_4135,1,train_pos_4135
train_pos_4162,1,train_pos_4162
train_pos_4189,1,train_pos_4189
train_pos_4271,1,train_pos_4271
train_pos_4275,1,train_pos_4275
train_pos_4298,1,train_pos_4298
train_pos_4363,1,train_pos_4363
train_pos_511,1,train_pos_511
train_pos_516,1,train_pos_516
train_pos_566,1,train_pos_566
train_pos_605,1,train_pos_605
train_pos_658,1,train_pos_658
train_pos_660,1,train_pos_660
train_pos_675,1,train_pos_675
train_pos_736,1,train_pos_736
train_pos_748,1,train_pos_748
train_pos_751,1,train_pos_751
train_pos_765,1,train_pos_765
train_pos_777,1,train_pos_777
train_pos_810,1,train_pos_810
train_pos_825,1,train_pos_825
train_pos_894,1,train_pos_894
train_pos_945,1,train_pos_945
train_pos_960,1,train_pos_960
