dataset,model,hook,extractor,feature_id,auroc,auroc_p,q_value,n_samples
rf3_toxinpred3,rf3,block12,identity,639,0.22015973331481353,0.0,0.0,585
rf3_toxinpred3,rf3,block12,identity,363,0.2615292728661713,0.0,0.0,1122
rf3_toxinpred3,rf3,block12,identity,374,0.2673824571150774,3.0828566215145976e-44,7.89211295107737e-42,710
rf3_toxinpred3,rf3,block12,identity,715,0.7264671157719286,5.13435757328613e-42,9.857966540709369e-40,5
rf3_toxinpred3,rf3,block12,identity,612,0.2826835196888673,7.939757098864414e-39,1.219546690385574e-36,1149
rf3_toxinpred3,rf3,block12,identity,11,0.7149385373984305,5.097118907375776e-38,6.524312201440994e-36,25
rf3_toxinpred3,rf3,block12,identity,667,0.7141357038683241,9.505439083442246e-38,1.0428824594405207e-35,538
rf3_toxinpred3,rf3,block12,identity,113,0.7105465657337315,1.4986099209905337e-36,1.4386655241509123e-34,1140
rf3_toxinpred3,rf3,block12,identity,153,0.29242864087783876,1.4235573796920357e-35,1.2147689640038704e-33,597
rf3_toxinpred3,rf3,block12,identity,18,0.7041350093756511,1.842867722765958e-34,1.4153224110842556e-32,333
rf3_toxinpred3,rf3,block12,identity,438,0.2964622543232169,2.8636240839255785e-34,1.9993302695044038e-32,1175
rf3_toxinpred3,rf3,block12,identity,3,0.2971373012014723,4.7054786315801734e-34,3.011506324211311e-32,561
rf3_toxinpred3,rf3,block12,identity,286,0.6998902701576498,4.110853620355269e-33,2.3953035624195657e-31,924
rf3_toxinpred3,rf3,block12,identity,337,0.3001930689631224,4.366438785660667e-33,2.3953035624195657e-31,111
rf3_toxinpred3,rf3,block12,identity,331,0.30055420515313563,5.669060279130492e-33,2.902558862914812e-31,1086
rf3_toxinpred3,rf3,block12,identity,723,0.697759566636572,1.9066076090588006e-32,9.151716523482243e-31,458
rf3_toxinpred3,rf3,block12,identity,93,0.6971817487325509,2.8823565231279925e-32,1.3021469469189991e-30,1
rf3_toxinpred3,rf3,block12,identity,218,0.3031349399263838,3.6132495231105203e-32,1.5416531298604887e-30,1130
rf3_toxinpred3,rf3,block12,identity,425,0.6967428293631502,3.942225135373172e-32,1.5934888968245242e-30,1096
rf3_toxinpred3,rf3,block12,identity,201,0.6959483297451212,6.936599804915599e-32,2.66365432508759e-30,925
rf3_toxinpred3,rf3,block12,sae_encode,762,0.68412806444892,2.5952267112482576e-30,8.616152681344215e-28,709
rf3_toxinpred3,rf3,block12,sae_encode,204,0.33390374331550804,1.3549436697626002e-25,2.2492064918059164e-23,657
rf3_toxinpred3,rf3,block12,sae_encode,231,0.34267518577679007,4.458812482700176e-22,3.700814360641146e-20,770
rf3_toxinpred3,rf3,block12,sae_encode,360,0.34430585457323426,1.038429636496839e-21,6.895172786339011e-20,762
rf3_toxinpred3,rf3,block12,sae_encode,629,0.6504604486422668,3.6061179627706387e-22,3.700814360641146e-20,590
rf3_toxinpred3,rf3,block12,sae_encode,664,0.6423168275574692,1.769906155765678e-18,7.345110546427564e-17,749
rf3_toxinpred3,rf3,block12,sae_encode,205,0.36283353010625735,3.302513684233076e-19,1.8273909052756355e-17,553
rf3_toxinpred3,rf3,block12,sae_encode,380,0.3649836794221821,4.4942307558059645e-17,1.4920846109275803e-15,704
rf3_toxinpred3,rf3,block12,sae_encode,409,0.3684839224946177,4.873714817240141e-16,1.4709757448397517e-14,743
rf3_toxinpred3,rf3,block12,sae_encode,434,0.6199819431904994,1.622338251180045e-17,5.984625548797499e-16,409
rf3_toxinpred3,rf3,block12,sae_encode,359,0.3812236960900062,2.425309844449053e-13,5.3680191223805705e-12,747
rf3_toxinpred3,rf3,block12,sae_encode,101,0.383075213556497,1.475356837567221e-13,3.7678343851716726e-12,644
rf3_toxinpred3,rf3,block12,sae_encode,546,0.3853684283630808,4.0185034119732954e-12,7.411906293195189e-11,887
rf3_toxinpred3,rf3,block12,sae_encode,242,0.613523161330648,1.7763222804560025e-13,4.2124214079385205e-12,569
rf3_toxinpred3,rf3,block12,sae_encode,431,0.6112049447878325,1.581668606850939e-12,3.281962359215698e-11,626
rf3_toxinpred3,rf3,block12,sae_encode,323,0.6066629627057435,4.2769655330450447e-19,2.02850365281565e-17,256
rf3_toxinpred3,rf3,block12,sae_encode,603,0.39769289533995417,5.581395068343653e-11,8.056622446478665e-10,602
rf3_toxinpred3,rf3,block12,sae_encode,682,0.6006055976109452,2.6146779186220215e-10,3.3387425730096583e-09,665
rf3_toxinpred3,rf3,block12,sae_encode,446,0.5973206472671714,5.576118733419122e-11,8.056622446478665e-10,490
rf3_toxinpred3,rf3,block12,sae_encode,292,0.4052711993888464,5.10634601269544e-09,5.8458857800513314e-08,744
rf3_toxinpred3,rf3,block16,identity,687,0.25911521633446766,0.0,0.0,894
rf3_toxinpred3,rf3,block16,identity,416,0.2676435863601639,3.923635700109488e-44,1.5066761088420433e-41,1097
rf3_toxinpred3,rf3,block16,identity,12,0.7311563303007154,1.064986832886861e-43,2.726366292190364e-41,479
rf3_toxinpred3,rf3,block16,identity,397,0.7293978748524204,4.5962589629854e-43,8.824817208931968e-41,1099
rf3_toxinpred3,rf3,block16,identity,447,0.7289006180984791,6.922414413764596e-43,1.063282853954242e-40,1069
rf3_toxinpred3,rf3,block16,identity,66,0.7261809847906104,6.488011889823903e-42,8.304655218974596e-40,1147
rf3_toxinpred3,rf3,block16,identity,637,0.28657823459962495,1.6512478471986804e-37,1.811654780926552e-35,681
rf3_toxinpred3,rf3,block16,identity,539,0.7111966108757553,9.125408957787144e-37,8.760392599475659e-35,576
rf3_toxinpred3,rf3,block16,identity,220,0.7032321689006181,3.586266812522013e-34,3.0567555098782764e-32,864
rf3_toxinpred3,rf3,block16,identity,642,0.7030904923953052,3.980150403487339e-34,3.0567555098782764e-32,780
rf3_toxinpred3,rf3,block16,identity,396,0.299287450517397,2.2641198527898003e-33,1.5374236722509845e-31,556
rf3_toxinpred3,rf3,block16,identity,233,0.700529203416904,2.5867111348279453e-33,1.5374236722509845e-31,998
rf3_toxinpred3,rf3,block16,identity,525,0.2994791304951733,2.602409861883177e-33,1.5374236722509845e-31,655
rf3_toxinpred3,rf3,block16,identity,332,0.6957427599138829,8.025668872329555e-32,4.40265263853507e-30,873
rf3_toxinpred3,rf3,block16,identity,449,0.30642405722619626,3.699151182560278e-31,1.8939654054708626e-29,642
rf3_toxinpred3,rf3,block16,identity,565,0.3070713243975276,5.820013590243244e-31,2.67045155230108e-29,8
rf3_toxinpred3,rf3,block16,identity,281,0.3070935481630669,5.91115577983312e-31,2.67045155230108e-29,0
rf3_toxinpred3,rf3,block16,identity,412,0.3084630877144246,1.5343910198006566e-30,6.546735017816134e-29,51
rf3_toxinpred3,rf3,block16,identity,670,0.6909757622057088,2.2637698420000033e-30,9.150395992926329e-29,1183
rf3_toxinpred3,rf3,block16,identity,270,0.6877338704076672,2.0943334091877327e-29,8.042240291280893e-28,1127
rf3_toxinpred3,rf3,block16,sae_encode,706,0.6870324328078339,1.4285212317523379e-34,4.5426975169724344e-32,544
rf3_toxinpred3,rf3,block16,sae_encode,753,0.3417501215362178,3.6846593176875216e-28,5.858608315123159e-26,438
rf3_toxinpred3,rf3,block16,sae_encode,540,0.34341829293700954,3.3893382287094357e-22,2.1556191134592012e-20,729
rf3_toxinpred3,rf3,block16,sae_encode,45,0.35006597680394475,2.4927919786659444e-20,1.3211797486929505e-18,750
rf3_toxinpred3,rf3,block16,sae_encode,495,0.35446072643933607,3.4983988420796413e-19,1.5892726168304656e-17,760
rf3_toxinpred3,rf3,block16,sae_encode,419,0.6430668796444198,6.681444898393215e-19,2.655874347111303e-17,714
rf3_toxinpred3,rf3,block16,sae_encode,58,0.3638419334676019,1.9565140901316703e-17,6.913016451798568e-16,691
rf3_toxinpred3,rf3,block16,sae_encode,624,0.63433849572887,4.326450734311629e-17,1.375811333511098e-15,681
rf3_toxinpred3,rf3,block16,sae_encode,111,0.631588304743385,3.806138928192301e-26,4.034507263883839e-24,285
rf3_toxinpred3,rf3,block16,sae_encode,200,0.6299284672546704,2.471013218124712e-16,6.548185028030487e-15,650
rf3_toxinpred3,rf3,block16,sae_encode,420,0.625830960483367,9.763864826514094e-15,2.069939343220988e-13,758
rf3_toxinpred3,rf3,block16,sae_encode,267,0.623672477255365,3.149260844653287e-23,2.503662371499363e-21,286
rf3_toxinpred3,rf3,block16,sae_encode,293,0.3764747551913327,1.7145477864479201e-15,4.194047662234143e-14,586
rf3_toxinpred3,rf3,block16,sae_encode,690,0.37799708313077296,1.0228032687681024e-16,2.9568312678932414e-15,472
rf3_toxinpred3,rf3,block16,sae_encode,526,0.6174678797138691,5.534517614168288e-13,1.035280353709127e-11,771
rf3_toxinpred3,rf3,block16,sae_encode,299,0.38343912771720257,8.101740849378314e-13,1.4313075500568356e-11,768
rf3_toxinpred3,rf3,block16,sae_encode,7,0.3875463573859296,1.5256633846896794e-12,2.3102902682443717e-11,661
rf3_toxinpred3,rf3,block16,sae_encode,528,0.6108035280227794,1.3276779849136222e-12,2.1110079960126595e-11,605
rf3_toxinpred3,rf3,block16,sae_encode,393,0.3897576220570873,8.309035764660945e-15,1.8873381236872718e-13,420
rf3_toxinpred3,rf3,block16,sae_encode,208,0.606014306549066,9.054267752217626e-13,1.515398497476424e-11,489
rfd3_safeprotein,rfd3,block12,identity,647,0.18920110192837467,2.5462211577061356e-18,1.955497849118312e-15,150
rfd3_safeprotein,rfd3,block12,identity,166,0.797961432506887,5.791280727407899e-17,2.2238517993246332e-14,188
rfd3_safeprotein,rfd3,block12,identity,254,0.20578512396694215,1.4068951232608932e-16,3.6016515155478865e-14,54
rfd3_safeprotein,rfd3,block12,identity,602,0.20826446280991737,2.5162707178921014e-16,4.8312397783528346e-14,38
rfd3_safeprotein,rfd3,block12,identity,143,0.21333333333333335,8.137700163551832e-16,1.2431317097678224e-13,7
rfd3_safeprotein,rfd3,block12,identity,445,0.7858953168044077,9.711966482561112e-16,1.2431317097678224e-13,239
rfd3_safeprotein,rfd3,block12,identity,649,0.7818181818181819,2.4544687588407043e-15,2.6929028668423727e-13,94
rfd3_safeprotein,rfd3,block12,identity,380,0.2228099173553719,6.921757580351327e-15,6.644887277137274e-13,272
rfd3_safeprotein,rfd3,block12,identity,760,0.7758677685950414,9.279718581555428e-15,7.918693189593965e-13,240
rfd3_safeprotein,rfd3,block12,identity,61,0.22606060606060607,1.4195379423255668e-14,1.0902051397060352e-12,31
rfd3_safeprotein,rfd3,block12,identity,641,0.7718457300275482,2.244725232243821e-14,1.5672263439665948e-12,256
rfd3_safeprotein,rfd3,block12,identity,65,0.7684297520661157,4.7065260353309005e-14,3.0121766626117763e-12,23
rfd3_safeprotein,rfd3,block12,identity,538,0.23696969696969697,1.4890470583991955e-13,8.796831852696786e-12,245
rfd3_safeprotein,rfd3,block12,identity,767,0.24066115702479338,3.230228042515326e-13,1.7720108118941217e-11,55
rfd3_safeprotein,rfd3,block12,identity,129,0.24352617079889807,5.849203500024602e-13,2.9947921920125966e-11,110
rfd3_safeprotein,rfd3,block12,identity,116,0.7543801652892562,8.990565995674327e-13,4.315471677923677e-11,271
rfd3_safeprotein,rfd3,block12,identity,138,0.2519559228650138,3.234307786870172e-12,1.4611461060684072e-10,2
rfd3_safeprotein,rfd3,block12,identity,516,0.7450137741046832,5.9008739734800475e-12,2.51770622868482e-10,88
rfd3_safeprotein,rfd3,block12,identity,86,0.7436914600550965,7.654198455608885e-12,3.09390758626717e-10,168
rfd3_safeprotein,rfd3,block12,identity,667,0.2581267217630854,1.0921678492148423e-11,4.1939245409849945e-10,5
rfd3_safeprotein,rfd3,block12,sae_encode,123,0.7170247933884297,1.0857676979725284e-09,1.1943444677697812e-07,260
rfd3_safeprotein,rfd3,block12,sae_encode,157,0.396198347107438,3.4268720128238783e-07,1.7618878587200015e-05,34
rfd3_safeprotein,rfd3,block12,sae_encode,51,0.4177410468319559,1.4991933312558103e-06,4.1227816609534784e-05,23
rfd3_safeprotein,rfd3,block12,sae_encode,535,0.4243526170798898,2.3785887606209144e-06,5.232895273366012e-05,20
rfd3_safeprotein,rfd3,block12,sae_encode,184,0.42482093663911846,1.097065796784591e-05,0.00015084654705788125,23
rfd3_safeprotein,rfd3,block12,sae_encode,62,0.5744077134986226,5.19020322826691e-05,0.0004757686292578,27
rfd3_safeprotein,rfd3,block12,sae_encode,325,0.4255922865013774,1.3492048310581595e-05,0.00016490281268488616,23
rfd3_safeprotein,rfd3,block12,sae_encode,63,0.42727272727272725,4.805148705600004e-07,1.7618878587200015e-05,16
rfd3_safeprotein,rfd3,block12,sae_encode,302,0.4286776859504132,5.2264781515987124e-06,9.581876611264306e-05,19
rfd3_safeprotein,rfd3,block12,sae_encode,120,0.4327823691460055,1.0693031981645618e-05,0.00015084654705788125,18
rfd3_safeprotein,rfd3,block12,sae_encode,83,0.4344077134986226,0.0626654252409935,0.1603069017792857,199
rfd3_safeprotein,rfd3,block12,sae_encode,349,0.43760330578512396,2.699381730053574e-05,0.0002699381730053574,17
rfd3_safeprotein,rfd3,block12,sae_encode,158,0.4384573002754821,0.01337265595793724,0.04941087095968185,55
rfd3_safeprotein,rfd3,block12,sae_encode,312,0.44545454545454544,1.512611925136298e-05,0.00016638731176499277,12
rfd3_safeprotein,rfd3,block12,sae_encode,272,0.4484848484848485,8.379328937735409e-05,0.0007090201408853038,13
rfd3_safeprotein,rfd3,block12,sae_encode,167,0.4527272727272727,0.00017708879022393376,0.001391411923188051,12
rfd3_safeprotein,rfd3,block12,sae_encode,105,0.45360881542699727,0.009009042754769325,0.036703507519430585,25
rfd3_safeprotein,rfd3,block12,sae_encode,486,0.4547107438016529,0.050469622015953064,0.13218234337511517,46
rfd3_safeprotein,rfd3,block12,sae_encode,144,0.455702479338843,0.021563153713941574,0.07187717904647192,30
rfd3_safeprotein,rfd3,block12,sae_encode,360,0.4584573002754821,0.013175083324313164,0.04941087095968185,22
rfd3_safeprotein,rfd3,block6,identity,351,0.3005509641873278,2.1184154874731576e-08,1.626943094379385e-05,16
rfd3_safeprotein,rfd3,block6,identity,502,0.6945454545454546,4.647553453196451e-08,1.7846605260274373e-05,254
rfd3_safeprotein,rfd3,block6,identity,707,0.3117906336088154,1.2481307010148157e-07,3.195214594597928e-05,274
rfd3_safeprotein,rfd3,block6,identity,293,0.31548209366391183,2.1880835276988364e-07,4.201120373181766e-05,80
rfd3_safeprotein,rfd3,block6,identity,4,0.31977961432506885,4.151399934926303e-07,6.376550300046802e-05,241
rfd3_safeprotein,rfd3,block6,identity,672,0.677961432506887,5.780090646112512e-07,7.398516027024016e-05,0
rfd3_safeprotein,rfd3,block6,identity,484,0.3245179063360882,8.274666924990015e-07,8.199230614991393e-05,57
rfd3_safeprotein,rfd3,block6,identity,762,0.3247382920110193,8.540865223949368e-07,8.199230614991393e-05,275
rfd3_safeprotein,rfd3,block6,identity,548,0.6672176308539944,2.645092990860576e-06,0.00022571460188676912,0
rfd3_safeprotein,rfd3,block6,identity,524,0.33482093663911844,3.495100372674642e-06,0.0002684237086214125,55
rfd3_safeprotein,rfd3,block6,identity,496,0.3381267217630854,5.454951860883739e-06,0.0003757016093004495,1
rfd3_safeprotein,rfd3,block6,identity,626,0.3386776859504132,5.870337645319523e-06,0.0003757016093004495,134
rfd3_safeprotein,rfd3,block6,identity,212,0.341267217630854,8.26267023512628e-06,0.000438687507994473,10
rfd3_safeprotein,rfd3,block6,identity,663,0.3415977961432507,8.628064279037062e-06,0.000438687507994473,135
rfd3_safeprotein,rfd3,block6,identity,615,0.34165289256198345,8.690429240232334e-06,0.000438687507994473,63
rfd3_safeprotein,rfd3,block6,identity,586,0.34203856749311295,9.139323083218187e-06,0.000438687507994473,11
rfd3_safeprotein,rfd3,block6,identity,640,0.34319559228650137,1.0622793524817098e-05,0.00047104744436709503,2
rfd3_safeprotein,rfd3,block6,identity,652,0.6564187327823692,1.1166467629664112e-05,0.00047104744436709503,185
rfd3_safeprotein,rfd3,block6,identity,699,0.34391184573002753,1.1653517503873445e-05,0.00047104744436709503,48
rfd3_safeprotein,rfd3,block6,identity,116,0.655206611570248,1.3053450857114512e-05,0.0004807698340820414,11
rfd3_safeprotein,rfd3,block6,sae_encode,125,0.3071349862258953,6.057526036329364e-08,9.510315877037101e-06,271
rfd3_safeprotein,rfd3,block6,sae_encode,3,0.3586501377410468,4.595925929606892e-05,0.002405201236494274,173
rfd3_safeprotein,rfd3,block6,sae_encode,106,0.3840771349862259,0.00040475346031598747,0.012709258653922006,128
rfd3_safeprotein,rfd3,block6,sae_encode,599,0.40611570247933887,3.6077137337997556e-05,0.002405201236494274,44
rfd3_safeprotein,rfd3,block6,sae_encode,450,0.40801652892561985,0.00021748292783740908,0.008536204917618306,55
rfd3_safeprotein,rfd3,block6,sae_encode,193,0.41763085399449035,0.0027735233306884766,0.04354431629180908,72
rfd3_safeprotein,rfd3,block6,sae_encode,164,0.5766391184573003,0.017536496743559837,0.13125006810185455,120
rfd3_safeprotein,rfd3,block6,sae_encode,685,0.574931129476584,0.035103995352983475,0.16489065230331,236
rfd3_safeprotein,rfd3,block6,sae_encode,358,0.425564738292011,0.026879698038101196,0.16488048050086945,144
rfd3_safeprotein,rfd3,block6,sae_encode,217,0.42710743801652895,0.02532750740647316,0.16488048050086945,125
rfd3_safeprotein,rfd3,block6,sae_encode,44,0.42763085399449036,0.009579616598784924,0.10026665373394887,75
rfd3_safeprotein,rfd3,block6,sae_encode,19,0.5715151515151515,0.041388195008039474,0.18049851711839435,189
rfd3_safeprotein,rfd3,block6,sae_encode,735,0.42920110192837463,0.0011856802739202976,0.02326897537568584,40
rfd3_safeprotein,rfd3,block6,sae_encode,59,0.5672176308539945,0.045352280139923096,0.1924407562694034,143
rfd3_safeprotein,rfd3,block6,sae_encode,668,0.5645730027548209,0.02853550761938095,0.16488048050086945,88
rfd3_safeprotein,rfd3,block6,sae_encode,281,0.4388429752066116,0.007129829376935959,0.08444784375439797,44
rfd3_safeprotein,rfd3,block6,sae_encode,392,0.4413223140495868,0.09494911879301071,0.3105627427188059,193
rfd3_safeprotein,rfd3,block6,sae_encode,171,0.44242424242424244,0.0014487406006082892,0.025272474921722375,26
rfd3_safeprotein,rfd3,block6,sae_encode,471,0.44297520661157025,0.014628611505031586,0.12759400034944215,47
rfd3_safeprotein,rfd3,block6,sae_encode,158,0.5552617079889807,0.03939453512430191,0.17671262898615428,67
rfd3_safeprotein,rfd3,block8,identity,223,0.7294765840220385,1.1517437004116005e-10,8.845391619161092e-08,273
rfd3_safeprotein,rfd3,block8,identity,247,0.7209917355371901,5.393414048704415e-10,2.0710709947024952e-07,6
rfd3_safeprotein,rfd3,block8,identity,495,0.7165289256198347,1.1881036154903768e-09,3.0415452556553646e-07,260
rfd3_safeprotein,rfd3,block8,identity,251,0.7039669421487603,1.0105018155570633e-08,1.9401634858695616e-06,87
rfd3_safeprotein,rfd3,block8,identity,678,0.3060055096418733,5.070628716907777e-08,7.393320629489608e-06,244
rfd3_safeprotein,rfd3,block8,identity,764,0.306831955922865,5.7760317417887563e-08,7.393320629489608e-06,256
rfd3_safeprotein,rfd3,block8,identity,434,0.3097520661157025,9.113397680948765e-08,9.45936941813367e-06,183
rfd3_safeprotein,rfd3,block8,identity,221,0.6894765840220386,1.0268827566051186e-07,9.45936941813367e-06,240
rfd3_safeprotein,rfd3,block8,identity,432,0.31101928374655646,1.1085198536875396e-07,9.45936941813367e-06,3
rfd3_safeprotein,rfd3,block8,identity,423,0.3125068870523416,1.3928988096267858e-07,1.0697462857933714e-05,217
rfd3_safeprotein,rfd3,block8,identity,500,0.31393939393939396,1.7327144519185822e-07,1.2097497264304282e-05,3
rfd3_safeprotein,rfd3,block8,identity,709,0.6853994490358126,1.9153760888457327e-07,1.225840696861269e-05,189
rfd3_safeprotein,rfd3,block8,identity,322,0.6841873278236914,2.299726418186765e-07,1.3003579806536437e-05,84
rfd3_safeprotein,rfd3,block8,identity,622,0.6835261707988981,2.5397616809641477e-07,1.3003579806536437e-05,251
rfd3_safeprotein,rfd3,block8,identity,493,0.31647382920110195,2.5397616809641477e-07,1.3003579806536437e-05,216
rfd3_safeprotein,rfd3,block8,identity,92,0.31757575757575757,2.9945331903036276e-07,1.4373759313457413e-05,17
rfd3_safeprotein,rfd3,block8,identity,313,0.6819834710743802,3.197653484221519e-07,1.4445869858130157e-05,101
rfd3_safeprotein,rfd3,block8,identity,574,0.3210468319559229,5.000783289688115e-07,2.1336675369335957e-05,266
rfd3_safeprotein,rfd3,block8,identity,627,0.3218732782369146,5.642531277771923e-07,2.2807705375414928e-05,7
rfd3_safeprotein,rfd3,block8,identity,323,0.3234159779614325,7.059117024255102e-07,2.710700937313959e-05,1
rfd3_safeprotein,rfd3,block8,sae_encode,654,0.33267217630853996,1.3786070951482543e-08,9.635681053055123e-07,88
rfd3_safeprotein,rfd3,block8,sae_encode,307,0.6658402203856749,3.0676817459607264e-06,0.00012270726983842906,233
rfd3_safeprotein,rfd3,block8,sae_encode,141,0.36581267217630853,1.6059468421758538e-08,9.635681053055123e-07,49
rfd3_safeprotein,rfd3,block8,sae_encode,297,0.3822589531680441,0.0004963946994394064,0.009762212035379239,148
rfd3_safeprotein,rfd3,block8,sae_encode,270,0.4066115702479339,0.0008750838460400701,0.01312625769060105,76
rfd3_safeprotein,rfd3,block8,sae_encode,429,0.4087052341597796,3.505429413053207e-05,0.0010516288239159621,41
rfd3_safeprotein,rfd3,block8,sae_encode,298,0.41358126721763083,6.315525388345122e-05,0.0015157260932028294,39
rfd3_safeprotein,rfd3,block8,sae_encode,351,0.5853994490358126,0.0013656201772391796,0.016387442126870155,66
rfd3_safeprotein,rfd3,block8,sae_encode,102,0.41763085399449035,0.0034806192852556705,0.027844954282045364,77
rfd3_safeprotein,rfd3,block8,sae_encode,601,0.4220936639118457,0.011109558865427971,0.06665735319256783,100
rfd3_safeprotein,rfd3,block8,sae_encode,460,0.4225895316804408,0.0012280797818675637,0.016374397091567516,50
rfd3_safeprotein,rfd3,block8,sae_encode,624,0.5692561983471074,0.0005694623687304556,0.009762212035379239,33
rfd3_safeprotein,rfd3,block8,sae_encode,721,0.43245179063360883,0.0015686287079006433,0.017112313177097927,38
rfd3_safeprotein,rfd3,block8,sae_encode,376,0.43421487603305786,0.056219395250082016,0.16865818575024605,165
rfd3_safeprotein,rfd3,block8,sae_encode,212,0.4379889807162534,0.059903334826231,0.17115238521780288,131
rfd3_safeprotein,rfd3,block8,sae_encode,525,0.43862258953168043,0.005411185324192047,0.04058388993144035,41
rfd3_safeprotein,rfd3,block8,sae_encode,189,0.44303030303030305,0.035643115639686584,0.12220496790749685,69
rfd3_safeprotein,rfd3,block8,sae_encode,626,0.4450137741046832,0.013641119003295898,0.0696244090795517,42
rfd3_safeprotein,rfd3,block8,sae_encode,614,0.4467768595041322,0.053261008113622665,0.16388002496499282,72
rfd3_safeprotein,rfd3,block8,sae_encode,315,0.44754820936639117,0.006503559183329344,0.04202669780505331,30
