design_id,cluster_id
benign_A6NI73,benign_A6NI73
benign_D3W0D1,benign_Q6UVW9
benign_O00287,benign_O00287
benign_O00399,benign_O00399
benign_O14931,benign_O14931
benign_O14960,benign_O14960
benign_O43482,benign_Q9NYP9
benign_O43745,benign_O43745
benign_O43759,benign_O43759
benign_O43822,benign_O43822
benign_O60232,benign_O60232
benign_O60479,benign_O60479
benign_O60844,benign_O60844
benign_O94811,benign_O94811
benign_O95257,benign_O95257
benign_O95715,benign_O95715
benign_O95944,benign_O95944
benign_O95971,benign_O95971
benign_O95998,benign_O95998
benign_P01704,benign_P01704
benign_P01721,benign_P01721
benign_P01764,benign_P01764
benign_P06312,benign_P01721
benign_P0C024,benign_P0C024
benign_P0C5Z0,benign_P0C5Z0
benign_P0C7P0,benign_P0C7P0
benign_P0DML2,benign_P0DML2
benign_P0DMM9,benign_P0DMM9
benign_P0DP25,benign_P0DP25
benign_P0DPD7,benign_P0DPD7
benign_P0DPK5,benign_P0DPK5
benign_P10720,benign_P10720
benign_P13349,benign_P13349
benign_P14207,benign_P14207
benign_P33764,benign_P33764
benign_P41223,benign_P41223
benign_P41271,benign_P41271
benign_P47224,benign_P47224
benign_P51460,benign_P51460
benign_P55344,benign_P55344
benign_P57052,benign_P57052
benign_P58340,benign_P58340
benign_P86397,benign_P86397
benign_Q01524,benign_Q01524
benign_Q12918,benign_Q12918
benign_Q13765,benign_Q13765
benign_Q16663,benign_Q16663
benign_Q3KP22,benign_Q3KP22
benign_Q4G0W2,benign_Q4G0W2
benign_Q53S33,benign_Q53S33
benign_Q5SRE7,benign_Q5SRE7
benign_Q5TA50,benign_Q5TA50
benign_Q5VVY1,benign_Q5VVY1
benign_Q6EIG7,benign_Q6EIG7
benign_Q6P1N9,benign_Q6P1N9
benign_Q6P4F2,benign_Q6P4F2
benign_Q6P589,benign_Q6P589
benign_Q6UVW9,benign_Q6UVW9
benign_Q6UXN8,benign_Q6UXN8
benign_Q6UXZ0,benign_Q6UXZ0
benign_Q6W0C5,benign_Q6W0C5
benign_Q6ZNX1,benign_Q6ZNX1
benign_Q6ZRY4,benign_Q6ZRY4
benign_Q86T03,benign_Q86T03
benign_Q86UU9,benign_Q86UU9
benign_Q86YI8,benign_Q86YI8
benign_Q8IVP5,benign_Q8IVP5
benign_Q8IVV7,benign_Q8IVV7
benign_Q8N8Q3,benign_Q8N8Q3
benign_Q8N9A8,benign_Q8N9A8
benign_Q8NHS0,benign_Q8NHS0
benign_Q8TAI7,benign_Q8TAI7
benign_Q8TCE9,benign_Q8TCE9
benign_Q8TCF1,benign_Q8TCF1
benign_Q8TD06,benign_Q8TD06
benign_Q8WU39,benign_Q8WU39
benign_Q8WYQ3,benign_Q8WYQ3
benign_Q92564,benign_Q92564
benign_Q96A44,benign_Q96A44
benign_Q96A58,benign_Q8TAI7
benign_Q96AZ1,benign_Q96AZ1
benign_Q96BR5,benign_Q96BR5
benign_Q96LC9,benign_Q96LC9
benign_Q96M98,benign_Q96M98
benign_Q99581,benign_Q99581
benign_Q9BPZ3,benign_Q9BPZ3
benign_Q9BQ24,benign_Q9BQ24
benign_Q9BSB4,benign_Q9BSB4
benign_Q9BUH6,benign_Q9BUH6
benign_Q9BWK5,benign_Q9BWK5
benign_Q9BXU0,benign_Q9BXU0
benign_Q9GZN7,benign_Q9GZN7
benign_Q9H4A6,benign_Q9H4A6
benign_Q9NV23,benign_Q9NV23
benign_Q9NWS0,benign_Q9NWS0
benign_Q9NX07,benign_Q9NX07
benign_Q9NY56,benign_Q9NY56
benign_Q9NYP9,benign_Q9NYP9
benign_Q9NZK7,hazard_P58464
benign_Q9P0R6,benign_Q9P0R6
benign_Q9P0S9,benign_Q9P0S9
benign_Q9UBU3,benign_Q9UBU3
benign_Q9UBY9,benign_Q9UBY9
benign_Q9UHQ4,benign_Q9UHQ4
benign_Q9UHV8,benign_Q8TCE9
benign_Q9UKW6,benign_Q9UKW6
benign_Q9Y2Y0,benign_Q9Y2Y0
benign_Q9Y365,benign_Q9Y365
benign_Q9Y4P9,benign_Q9Y4P9
benign_Q9Y5Z4,benign_Q9Y5Z4
hazard_A0A0D4WV12,hazard_A0A0D4WV12
hazard_A0A1S4K3K8,hazard_Q95NY5
hazard_A0A2X0RVH4,hazard_A0A2X0RVH4
hazard_A0A2X0SE53,hazard_A0A2X0SE53
hazard_A0A2X0TKQ7,hazard_A0A2X0TKQ7
hazard_A0A3F2YKH3,hazard_A0A3F2YKH3
hazard_A0A447RTX7,hazard_A0A447RTX7
hazard_A0A6G7S6L7,hazard_A0A6G7S6L7
hazard_A0A7H0DN78,hazard_A0A7H0DN78
hazard_A0A7H0DND8,hazard_A0A7H0DND8
hazard_A0A8B7DWS6,hazard_A0A8B7DWS6
hazard_A0S864,hazard_Q06ZW0
hazard_A0S865,hazard_Q06ZW0
hazard_A3UNN4,hazard_A3UNN4
hazard_A4FS04,hazard_P58464
hazard_C0HK27,hazard_P58907
hazard_D0VWS7,hazard_D0VWS7
hazard_D0VWY1,hazard_Q03464
hazard_D9J2T9,hazard_D0VWS7
hazard_E0CX04,hazard_D0VWS7
hazard_F8QQG5,hazard_F8QQG5
hazard_J7LCB0,hazard_Q2PQJ3
hazard_M1LBP0,hazard_M1LBP0
hazard_O18423,hazard_O18423
hazard_O57413,hazard_Q9PW35
hazard_O92323,hazard_O92323
hazard_P00598,hazard_P58464
hazard_P00608,hazard_P58464
hazard_P00609,hazard_P58464
hazard_P00617,hazard_P58464
hazard_P00624,hazard_P58464
hazard_P00626,hazard_P58464
hazard_P01538,hazard_P21742
hazard_P01543,hazard_P21742
hazard_P01544,hazard_P21742
hazard_P01558,hazard_P01558
hazard_P02879,hazard_Q03464
hazard_P04084,hazard_P58464
hazard_P04361,hazard_P58464
hazard_P04512,hazard_O92323
hazard_P08434,hazard_O92323
hazard_P08943,hazard_P21742
hazard_P09332,hazard_P09332
hazard_P09872,hazard_Q2PQJ3
hazard_P09989,hazard_D0VWS7
hazard_P0A077,hazard_Q2FXB0
hazard_P0A0L2,hazard_Q6YCN3
hazard_P0A0L8,hazard_Q6YCN3
hazard_P0A0M0,hazard_P0A0M0
hazard_P0C0I6,hazard_P0A0M0
hazard_P0CE82,hazard_A0A0D4WV12
hazard_P0CG56,hazard_P0CG56
hazard_P0DRC4,hazard_P0DRC4
hazard_P0DTC7,hazard_P0DTC7
hazard_P0DTC8,hazard_P0DTC8
hazard_P0DTC9,hazard_P0DTC9
hazard_P11407,hazard_P58464
hazard_P14418,hazard_P58464
hazard_P14420,hazard_P58464
hazard_P16094,hazard_D0VWS7
hazard_P16948,hazard_P16948
hazard_P17935,hazard_P58464
hazard_P18153,hazard_Q95NY5
hazard_P18965,hazard_Q2PQJ3
hazard_P19250,hazard_P19250
hazard_P20474,hazard_P58464
hazard_P20656,hazard_Q03464
hazard_P21454,hazard_P21454
hazard_P21742,hazard_P21742
hazard_P22851,hazard_D0VWS7
hazard_P23339,hazard_Q03464
hazard_P23807,hazard_Q9IAM1
hazard_P24476,hazard_Q03464
hazard_P24605,hazard_P58464
hazard_P32092,hazard_P32092
hazard_P33183,hazard_P33183
hazard_P34071,hazard_Q6YCN3
hazard_P35259,hazard_P35259
hazard_P42485,hazard_P42485
hazard_P45881,hazard_P58464
hazard_P49121,hazard_P58464
hazard_P58399,hazard_P58464
hazard_P58464,hazard_P58464
hazard_P58907,hazard_P58907
hazard_P59071,hazard_P58464
hazard_P60244,hazard_Q9PW35
hazard_P60623,hazard_Q8JI39
hazard_P61898,hazard_P61898
hazard_P67861,hazard_P67861
hazard_P67863,hazard_P67861
hazard_P68742,hazard_P68742
hazard_P81165,hazard_P58464
hazard_P81397,hazard_Q9IAM1
hazard_P81398,hazard_Q9IAM1
hazard_P81458,hazard_P58464
hazard_P82287,hazard_P58464
hazard_P82896,hazard_P58464
hazard_P82950,hazard_P58464
hazard_P83512,hazard_Q9PW35
hazard_P84776,hazard_P58464
hazard_P84786,hazard_P84786
hazard_P84854,hazard_Q03464
hazard_P84907,hazard_Q9PW35
hazard_P85314,hazard_Q9PW35
hazard_P9WJ62,hazard_P9WJ62
hazard_P9WJ63,hazard_P9WJ62
hazard_Q01747,hazard_Q01747
hazard_Q03464,hazard_Q03464
hazard_Q04470,hazard_Q45723
hazard_Q06535,hazard_Q6YCN3
hazard_Q06ZW0,hazard_Q06ZW0
hazard_Q1CQP3,hazard_Q6YCN3
hazard_Q1RP79,hazard_P58464
hazard_Q2FXB0,hazard_Q2FXB0
hazard_Q2FXB1,hazard_Q2FXB0
hazard_Q2PHL4,hazard_Q2PHL4
hazard_Q2PQJ3,hazard_Q2PQJ3
hazard_Q40772,hazard_Q03464
hazard_Q45723,hazard_Q45723
hazard_Q5WPZ4,hazard_Q5WPZ4
hazard_Q5YD59,hazard_Q5YD59
hazard_Q65163,hazard_Q65163
hazard_Q6PQK2,hazard_Q6PQK2
hazard_Q6QT01,hazard_O92323
hazard_Q6SLM1,hazard_P58464
hazard_Q6SLM2,hazard_P58464
hazard_Q6T179,hazard_P58464
hazard_Q6YCN3,hazard_Q6YCN3
hazard_Q7LZ71,hazard_Q9IAM1
hazard_Q7LZK5,hazard_Q9IAM1
hazard_Q7LZK8,hazard_Q9IAM1
hazard_Q7N439,hazard_Q7N439
hazard_Q7SID6,hazard_P58464
hazard_Q7SZE1,hazard_Q2PQJ3
hazard_Q7T247,hazard_Q9IAM1
hazard_Q7T248,hazard_Q9IAM1
hazard_Q7T2Q0,hazard_Q9IAM1
hazard_Q7T2Q1,hazard_Q9IAM1
hazard_Q7T3S7,hazard_P58464
hazard_Q805F6,hazard_Q805F7
hazard_Q805F7,hazard_Q805F7
hazard_Q8AV97,hazard_Q9IAM1
hazard_Q8AV98,hazard_Q9IAM1
hazard_Q8AXY1,hazard_P58464
hazard_Q8AYA3,hazard_Q9IAM1
hazard_Q8JI39,hazard_Q8JI39
hazard_Q8JIV9,hazard_Q9IAM1
hazard_Q8NKX2,hazard_Q8NKX2
hazard_Q8W4U4,hazard_Q03464
hazard_Q90121,hazard_Q90121
hazard_Q90249,hazard_P58464
hazard_Q939T0,hazard_Q939T0
hazard_Q95NY5,hazard_Q95NY5
hazard_Q9DEF8,hazard_Q9IAM1
hazard_Q9DEF9,hazard_Q9IAM1
hazard_Q9DF52,hazard_P58464
hazard_Q9I788,hazard_Q9I788
hazard_Q9I834,hazard_P58464
hazard_Q9I840,hazard_Q9IAM1
hazard_Q9I841,hazard_Q9IAM1
hazard_Q9I8X1,hazard_Q2PQJ3
hazard_Q9IAM1,hazard_Q9IAM1
hazard_Q9IAT9,hazard_P58464
hazard_Q9PW35,hazard_Q9PW35
hazard_Q9PYC1,hazard_O92323
