name,label,structure_path
benign_P0DSE1,0,/mnt/nw/home/m.yu/repos/foundry/detectors/datasets/uniprot_pdb_benigns/pdbs/1oga.pdb
benign_P0DTU3,0,/mnt/nw/home/m.yu/repos/foundry/detectors/datasets/uniprot_pdb_benigns/pdbs/9hi7.pdb
benign_G2XKQ0,0,/mnt/nw/home/m.yu/repos/foundry/detectors/datasets/uniprot_pdb_benigns/pdbs/6iam.pdb
benign_K9M1U5,0,/mnt/nw/home/m.yu/repos/foundry/detectors/datasets/uniprot_pdb_benigns/pdbs/9bpu.pdb
benign_Q9H2H0,0,/mnt/nw/home/m.yu/repos/foundry/detectors/datasets/uniprot_pdb_benigns/pdbs/5vc9.pdb
benign_M5A8F1,0,/mnt/nw/home/m.yu/repos/foundry/detectors/datasets/uniprot_pdb_benigns/pdbs/8oui.pdb
benign_P01825,0,/mnt/nw/home/m.yu/repos/foundry/detectors/datasets/uniprot_pdb_benigns/pdbs/7czp.pdb
benign_P01704,0,/mnt/nw/home/m.yu/repos/foundry/detectors/datasets/uniprot_pdb_benigns/pdbs/5c2b.pdb
benign_P23083,0,/mnt/nw/home/m.yu/repos/foundry/detectors/datasets/uniprot_pdb_benigns/pdbs/1wt5.pdb
benign_P01700,0,/mnt/nw/home/m.yu/repos/foundry/detectors/datasets/uniprot_pdb_benigns/pdbs/1zvo.pdb
benign_P0DPK2,0,/mnt/nw/home/m.yu/repos/foundry/detectors/datasets/uniprot_pdb_benigns/pdbs/5ay8.pdb
benign_P0DPK5,0,/mnt/nw/home/m.yu/repos/foundry/detectors/datasets/uniprot_pdb_benigns/pdbs/7zdd.pdb
benign_P01721,0,/mnt/nw/home/m.yu/repos/foundry/detectors/datasets/uniprot_pdb_benigns/pdbs/1cd0.pdb
benign_P01597,0,/mnt/nw/home/m.yu/repos/foundry/detectors/datasets/uniprot_pdb_benigns/pdbs/1f6l.pdb
benign_P01594,0,/mnt/nw/home/m.yu/repos/foundry/detectors/datasets/uniprot_pdb_benigns/pdbs/1b0w.pdb
benign_P01780,0,/mnt/nw/home/m.yu/repos/foundry/detectors/datasets/uniprot_pdb_benigns/pdbs/2fl5.pdb
benign_P0DOY2,0,/mnt/nw/home/m.yu/repos/foundry/detectors/datasets/uniprot_pdb_benigns/pdbs/1jvk.pdb
benign_P01709,0,/mnt/nw/home/m.yu/repos/foundry/detectors/datasets/uniprot_pdb_benigns/pdbs/1a8j.pdb
benign_P0DPD7,0,/mnt/nw/home/m.yu/repos/foundry/detectors/datasets/uniprot_pdb_benigns/pdbs/2pxx.pdb
benign_Q96EL1,0,/mnt/nw/home/m.yu/repos/foundry/detectors/datasets/uniprot_pdb_benigns/pdbs/4xbr.pdb
benign_P01764,0,/mnt/nw/home/m.yu/repos/foundry/detectors/datasets/uniprot_pdb_benigns/pdbs/1ohq.pdb
benign_P01593,0,/mnt/nw/home/m.yu/repos/foundry/detectors/datasets/uniprot_pdb_benigns/pdbs/1ar2.pdb
benign_P01850,0,/mnt/nw/home/m.yu/repos/foundry/detectors/datasets/uniprot_pdb_benigns/pdbs/1ao7.pdb
benign_P0CG04,0,/mnt/nw/home/m.yu/repos/foundry/detectors/datasets/uniprot_pdb_benigns/pdbs/1zvo.pdb
benign_Q6ZNX1,0,/mnt/nw/home/m.yu/repos/foundry/detectors/datasets/uniprot_pdb_benigns/pdbs/6k07.pdb
benign_P01772,0,/mnt/nw/home/m.yu/repos/foundry/detectors/datasets/uniprot_pdb_benigns/pdbs/2fb4.pdb
benign_P0DOY3,0,/mnt/nw/home/m.yu/repos/foundry/detectors/datasets/uniprot_pdb_benigns/pdbs/1aqk.pdb
benign_P01848,0,/mnt/nw/home/m.yu/repos/foundry/detectors/datasets/uniprot_pdb_benigns/pdbs/1ao7.pdb
benign_P01619,0,/mnt/nw/home/m.yu/repos/foundry/detectors/datasets/uniprot_pdb_benigns/pdbs/4lrn.pdb
benign_Q96P09,0,/mnt/nw/home/m.yu/repos/foundry/detectors/datasets/uniprot_pdb_benigns/pdbs/1xb0.pdb
benign_P06312,0,/mnt/nw/home/m.yu/repos/foundry/detectors/datasets/uniprot_pdb_benigns/pdbs/1eeq.pdb
benign_P01834,0,/mnt/nw/home/m.yu/repos/foundry/detectors/datasets/uniprot_pdb_benigns/pdbs/1a4j.pdb
benign_A6ND01,0,/mnt/nw/home/m.yu/repos/foundry/detectors/datasets/uniprot_pdb_benigns/pdbs/5f4e.pdb
benign_Q6PRD7,0,/mnt/nw/home/m.yu/repos/foundry/detectors/datasets/uniprot_pdb_benigns/pdbs/7tb9.pdb
benign_Q96RP3,0,/mnt/nw/home/m.yu/repos/foundry/detectors/datasets/uniprot_pdb_benigns/pdbs/2rmg.pdb
benign_O15130,0,/mnt/nw/home/m.yu/repos/foundry/detectors/datasets/uniprot_pdb_benigns/pdbs/9jfy.pdb
benign_Q6UXT8,0,/mnt/nw/home/m.yu/repos/foundry/detectors/datasets/uniprot_pdb_benigns/pdbs/7mk7.pdb
benign_Q86UU9,0,/mnt/nw/home/m.yu/repos/foundry/detectors/datasets/uniprot_pdb_benigns/pdbs/2moc.pdb
benign_Q3KNT9,0,/mnt/nw/home/m.yu/repos/foundry/detectors/datasets/uniprot_pdb_benigns/pdbs/7ux0.pdb
benign_Q6UX46,0,/mnt/nw/home/m.yu/repos/foundry/detectors/datasets/uniprot_pdb_benigns/pdbs/7ls0.pdb
benign_Q3KP22,0,/mnt/nw/home/m.yu/repos/foundry/detectors/datasets/uniprot_pdb_benigns/pdbs/6gnx.pdb
benign_Q5T5A4,0,/mnt/nw/home/m.yu/repos/foundry/detectors/datasets/uniprot_pdb_benigns/pdbs/7ung.cif.gz
benign_Q5VVY1,0,/mnt/nw/home/m.yu/repos/foundry/detectors/datasets/uniprot_pdb_benigns/pdbs/5ubb.pdb
benign_D3W0D1,0,/mnt/nw/home/m.yu/repos/foundry/detectors/datasets/uniprot_pdb_benigns/pdbs/4iop.pdb
benign_P09683,0,/mnt/nw/home/m.yu/repos/foundry/detectors/datasets/uniprot_pdb_benigns/pdbs/6wi9.pdb
benign_P0C5Z0,0,/mnt/nw/home/m.yu/repos/foundry/detectors/datasets/uniprot_pdb_benigns/pdbs/6a7u.pdb
benign_P0DP58,0,/mnt/nw/home/m.yu/repos/foundry/detectors/datasets/uniprot_pdb_benigns/pdbs/2l03.pdb
benign_Q5VTH2,0,/mnt/nw/home/m.yu/repos/foundry/detectors/datasets/uniprot_pdb_benigns/pdbs/7ung.cif.gz
benign_Q8IXH6,0,/mnt/nw/home/m.yu/repos/foundry/detectors/datasets/uniprot_pdb_benigns/pdbs/7yo9.pdb
benign_Q96C55,0,/mnt/nw/home/m.yu/repos/foundry/detectors/datasets/uniprot_pdb_benigns/pdbs/7ysf.pdb
benign_Q9H741,0,/mnt/nw/home/m.yu/repos/foundry/detectors/datasets/uniprot_pdb_benigns/pdbs/8uw8.pdb
benign_O00230,0,/mnt/nw/home/m.yu/repos/foundry/detectors/datasets/uniprot_pdb_benigns/pdbs/7s8l.pdb
benign_O14645,0,/mnt/nw/home/m.yu/repos/foundry/detectors/datasets/uniprot_pdb_benigns/pdbs/8j07.cif.gz
benign_O60829,0,/mnt/nw/home/m.yu/repos/foundry/detectors/datasets/uniprot_pdb_benigns/pdbs/6urq.pdb
benign_Q5BN46,0,/mnt/nw/home/m.yu/repos/foundry/detectors/datasets/uniprot_pdb_benigns/pdbs/7ung.cif.gz
benign_Q6B8I1,0,/mnt/nw/home/m.yu/repos/foundry/detectors/datasets/uniprot_pdb_benigns/pdbs/5xjv.pdb
benign_Q6P5S7,0,/mnt/nw/home/m.yu/repos/foundry/detectors/datasets/uniprot_pdb_benigns/pdbs/6wlw.pdb
benign_Q6W0C5,0,/mnt/nw/home/m.yu/repos/foundry/detectors/datasets/uniprot_pdb_benigns/pdbs/8wms.pdb
benign_Q969E3,0,/mnt/nw/home/m.yu/repos/foundry/detectors/datasets/uniprot_pdb_benigns/pdbs/2rmh.pdb
benign_Q9UBT3,0,/mnt/nw/home/m.yu/repos/foundry/detectors/datasets/uniprot_pdb_benigns/pdbs/5o57.pdb
benign_A8MTA8,0,/mnt/nw/home/m.yu/repos/foundry/detectors/datasets/uniprot_pdb_benigns/pdbs/7ung.cif.gz
benign_O95399,0,/mnt/nw/home/m.yu/repos/foundry/detectors/datasets/uniprot_pdb_benigns/pdbs/6hvb.pdb
benign_O95868,0,/mnt/nw/home/m.yu/repos/foundry/detectors/datasets/uniprot_pdb_benigns/pdbs/7s4g.pdb
benign_Q7Z4H4,0,/mnt/nw/home/m.yu/repos/foundry/detectors/datasets/uniprot_pdb_benigns/pdbs/6d1u.pdb
benign_Q8N9A8,0,/mnt/nw/home/m.yu/repos/foundry/detectors/datasets/uniprot_pdb_benigns/pdbs/8ujl.pdb
benign_Q8WU39,0,/mnt/nw/home/m.yu/repos/foundry/detectors/datasets/uniprot_pdb_benigns/pdbs/7aah.pdb
benign_Q53FP2,0,/mnt/nw/home/m.yu/repos/foundry/detectors/datasets/uniprot_pdb_benigns/pdbs/9h9e.pdb
benign_Q5VTT2,0,/mnt/nw/home/m.yu/repos/foundry/detectors/datasets/uniprot_pdb_benigns/pdbs/7ung.cif.gz
benign_Q6BDI9,0,/mnt/nw/home/m.yu/repos/foundry/detectors/datasets/uniprot_pdb_benigns/pdbs/8a4a.pdb
benign_Q6PI25,0,/mnt/nw/home/m.yu/repos/foundry/detectors/datasets/uniprot_pdb_benigns/pdbs/8ss2.pdb
benign_Q7Z3Z2,0,/mnt/nw/home/m.yu/repos/foundry/detectors/datasets/uniprot_pdb_benigns/pdbs/6drf.pdb
benign_Q96Q77,0,/mnt/nw/home/m.yu/repos/foundry/detectors/datasets/uniprot_pdb_benigns/pdbs/6wu5.pdb
benign_Q9BSD3,0,/mnt/nw/home/m.yu/repos/foundry/detectors/datasets/uniprot_pdb_benigns/pdbs/6j8y.pdb
benign_Q9BTP6,0,/mnt/nw/home/m.yu/repos/foundry/detectors/datasets/uniprot_pdb_benigns/pdbs/2djr.pdb
benign_Q9BV90,0,/mnt/nw/home/m.yu/repos/foundry/detectors/datasets/uniprot_pdb_benigns/pdbs/8r7n.pdb
benign_Q9NZG7,0,/mnt/nw/home/m.yu/repos/foundry/detectors/datasets/uniprot_pdb_benigns/pdbs/8szb.pdb
benign_O75663,0,/mnt/nw/home/m.yu/repos/foundry/detectors/datasets/uniprot_pdb_benigns/pdbs/5d9g.pdb
benign_O95715,0,/mnt/nw/home/m.yu/repos/foundry/detectors/datasets/uniprot_pdb_benigns/pdbs/2hdl.pdb
benign_Q8TC29,0,/mnt/nw/home/m.yu/repos/foundry/detectors/datasets/uniprot_pdb_benigns/pdbs/7ung.cif.gz
benign_Q96E09,0,/mnt/nw/home/m.yu/repos/foundry/detectors/datasets/uniprot_pdb_benigns/pdbs/8so0.pdb
benign_Q9BT56,0,/mnt/nw/home/m.yu/repos/foundry/detectors/datasets/uniprot_pdb_benigns/pdbs/7xjl.pdb
benign_Q9BXH1,0,/mnt/nw/home/m.yu/repos/foundry/detectors/datasets/uniprot_pdb_benigns/pdbs/2m04.pdb
benign_Q9H5F2,0,/mnt/nw/home/m.yu/repos/foundry/detectors/datasets/uniprot_pdb_benigns/pdbs/7ung.cif.gz
benign_Q9UKJ5,0,/mnt/nw/home/m.yu/repos/foundry/detectors/datasets/uniprot_pdb_benigns/pdbs/8suv.pdb
benign_Q9Y6B2,0,/mnt/nw/home/m.yu/repos/foundry/detectors/datasets/uniprot_pdb_benigns/pdbs/7smd.pdb
benign_O14960,0,/mnt/nw/home/m.yu/repos/foundry/detectors/datasets/uniprot_pdb_benigns/pdbs/5b0h.pdb
benign_O15318,0,/mnt/nw/home/m.yu/repos/foundry/detectors/datasets/uniprot_pdb_benigns/pdbs/7a6h.pdb
benign_O43763,0,/mnt/nw/home/m.yu/repos/foundry/detectors/datasets/uniprot_pdb_benigns/pdbs/3a03.pdb
benign_O95843,0,/mnt/nw/home/m.yu/repos/foundry/detectors/datasets/uniprot_pdb_benigns/pdbs/2ggz.pdb
benign_P0C7P0,0,/mnt/nw/home/m.yu/repos/foundry/detectors/datasets/uniprot_pdb_benigns/pdbs/6avj.pdb
benign_Q17R31,0,/mnt/nw/home/m.yu/repos/foundry/detectors/datasets/uniprot_pdb_benigns/pdbs/2y1h.pdb
benign_Q5TA50,0,/mnt/nw/home/m.yu/repos/foundry/detectors/datasets/uniprot_pdb_benigns/pdbs/4k80.pdb
benign_Q6IQ22,0,/mnt/nw/home/m.yu/repos/foundry/detectors/datasets/uniprot_pdb_benigns/pdbs/2il1.pdb
benign_Q8N4E7,0,/mnt/nw/home/m.yu/repos/foundry/detectors/datasets/uniprot_pdb_benigns/pdbs/1r03.pdb
benign_Q8N8R7,0,/mnt/nw/home/m.yu/repos/foundry/detectors/datasets/uniprot_pdb_benigns/pdbs/8hfp.pdb
benign_Q969F1,0,/mnt/nw/home/m.yu/repos/foundry/detectors/datasets/uniprot_pdb_benigns/pdbs/8clk.cif.gz
benign_Q99581,0,/mnt/nw/home/m.yu/repos/foundry/detectors/datasets/uniprot_pdb_benigns/pdbs/2ypr.pdb
benign_Q9BPZ2,0,/mnt/nw/home/m.yu/repos/foundry/detectors/datasets/uniprot_pdb_benigns/pdbs/5lug.pdb
benign_Q9BQI0,0,/mnt/nw/home/m.yu/repos/foundry/detectors/datasets/uniprot_pdb_benigns/pdbs/2jjz.pdb
benign_Q9BW66,0,/mnt/nw/home/m.yu/repos/foundry/detectors/datasets/uniprot_pdb_benigns/pdbs/8cih.pdb
benign_Q9BWG6,0,/mnt/nw/home/m.yu/repos/foundry/detectors/datasets/uniprot_pdb_benigns/pdbs/7dvq.pdb
benign_Q9H1X1,0,/mnt/nw/home/m.yu/repos/foundry/detectors/datasets/uniprot_pdb_benigns/pdbs/8j07.cif.gz
benign_Q9HAE3,0,/mnt/nw/home/m.yu/repos/foundry/detectors/datasets/uniprot_pdb_benigns/pdbs/8j07.cif.gz
benign_Q9NPJ4,0,/mnt/nw/home/m.yu/repos/foundry/detectors/datasets/uniprot_pdb_benigns/pdbs/4b6h.pdb
benign_Q9NWW9,0,/mnt/nw/home/m.yu/repos/foundry/detectors/datasets/uniprot_pdb_benigns/pdbs/4dpz.pdb
benign_Q9P0R6,0,/mnt/nw/home/m.yu/repos/foundry/detectors/datasets/uniprot_pdb_benigns/pdbs/1sgo.pdb
benign_Q9UKW6,0,/mnt/nw/home/m.yu/repos/foundry/detectors/datasets/uniprot_pdb_benigns/pdbs/1wwx.pdb
benign_Q9Y5Q6,0,/mnt/nw/home/m.yu/repos/foundry/detectors/datasets/uniprot_pdb_benigns/pdbs/2k1v.pdb
benign_A0JLT2,0,/mnt/nw/home/m.yu/repos/foundry/detectors/datasets/uniprot_pdb_benigns/pdbs/7emf.pdb
benign_A6NIH7,0,/mnt/nw/home/m.yu/repos/foundry/detectors/datasets/uniprot_pdb_benigns/pdbs/7ok6.cif.gz
benign_O00258,0,/mnt/nw/home/m.yu/repos/foundry/detectors/datasets/uniprot_pdb_benigns/pdbs/6so5.pdb
benign_O15467,0,/mnt/nw/home/m.yu/repos/foundry/detectors/datasets/uniprot_pdb_benigns/pdbs/5ltl.pdb
benign_O95971,0,/mnt/nw/home/m.yu/repos/foundry/detectors/datasets/uniprot_pdb_benigns/pdbs/6ng3.pdb
benign_P41271,0,/mnt/nw/home/m.yu/repos/foundry/detectors/datasets/uniprot_pdb_benigns/pdbs/4x1j.pdb
benign_P55089,0,/mnt/nw/home/m.yu/repos/foundry/detectors/datasets/uniprot_pdb_benigns/pdbs/2rmf.pdb
benign_Q01524,0,/mnt/nw/home/m.yu/repos/foundry/detectors/datasets/uniprot_pdb_benigns/pdbs/1zmq.pdb
benign_Q16385,0,/mnt/nw/home/m.yu/repos/foundry/detectors/datasets/uniprot_pdb_benigns/pdbs/8hqy.pdb
benign_Q3KRA9,0,/mnt/nw/home/m.yu/repos/foundry/detectors/datasets/uniprot_pdb_benigns/pdbs/7vjs.pdb
benign_Q56A73,0,/mnt/nw/home/m.yu/repos/foundry/detectors/datasets/uniprot_pdb_benigns/pdbs/4uy4.pdb
benign_Q7Z2G1,0,/mnt/nw/home/m.yu/repos/foundry/detectors/datasets/uniprot_pdb_benigns/pdbs/8jcc.pdb
benign_Q86WV5,0,/mnt/nw/home/m.yu/repos/foundry/detectors/datasets/uniprot_pdb_benigns/pdbs/4joi.pdb
benign_Q8IYS5,0,/mnt/nw/home/m.yu/repos/foundry/detectors/datasets/uniprot_pdb_benigns/pdbs/5cj8.pdb
benign_Q8TCE9,0,/mnt/nw/home/m.yu/repos/foundry/detectors/datasets/uniprot_pdb_benigns/pdbs/6k2y.pdb
benign_Q96E40,0,/mnt/nw/home/m.yu/repos/foundry/detectors/datasets/uniprot_pdb_benigns/pdbs/7un1.cif.gz
benign_Q96LW7,0,/mnt/nw/home/m.yu/repos/foundry/detectors/datasets/uniprot_pdb_benigns/pdbs/4dwn.pdb
benign_Q9BRV8,0,/mnt/nw/home/m.yu/repos/foundry/detectors/datasets/uniprot_pdb_benigns/pdbs/6akk.pdb
benign_Q9BT43,0,/mnt/nw/home/m.yu/repos/foundry/detectors/datasets/uniprot_pdb_benigns/pdbs/5afq.pdb
benign_Q9GZU8,0,/mnt/nw/home/m.yu/repos/foundry/detectors/datasets/uniprot_pdb_benigns/pdbs/7w59.pdb
benign_Q9H5V9,0,/mnt/nw/home/m.yu/repos/foundry/detectors/datasets/uniprot_pdb_benigns/pdbs/8c6j.cif.gz
benign_Q9H6L4,0,/mnt/nw/home/m.yu/repos/foundry/detectors/datasets/uniprot_pdb_benigns/pdbs/7dvq.pdb
benign_Q9NRY2,0,/mnt/nw/home/m.yu/repos/foundry/detectors/datasets/uniprot_pdb_benigns/pdbs/4owt.pdb
benign_Q9UHV8,0,/mnt/nw/home/m.yu/repos/foundry/detectors/datasets/uniprot_pdb_benigns/pdbs/5xg7.pdb
benign_Q9Y255,0,/mnt/nw/home/m.yu/repos/foundry/detectors/datasets/uniprot_pdb_benigns/pdbs/6i3v.pdb
benign_Q9Y4X3,0,/mnt/nw/home/m.yu/repos/foundry/detectors/datasets/uniprot_pdb_benigns/pdbs/2kum.pdb
benign_Q9Y6A9,0,/mnt/nw/home/m.yu/repos/foundry/detectors/datasets/uniprot_pdb_benigns/pdbs/7p2p.pdb
benign_Q9Y6H1,0,/mnt/nw/home/m.yu/repos/foundry/detectors/datasets/uniprot_pdb_benigns/pdbs/9oyr.pdb
benign_A4D2B0,0,/mnt/nw/home/m.yu/repos/foundry/detectors/datasets/uniprot_pdb_benigns/pdbs/4v0h.pdb
benign_A6NGQ2,0,/mnt/nw/home/m.yu/repos/foundry/detectors/datasets/uniprot_pdb_benigns/pdbs/8x7v.pdb
benign_O43745,0,/mnt/nw/home/m.yu/repos/foundry/detectors/datasets/uniprot_pdb_benigns/pdbs/2bec.pdb
benign_O95926,0,/mnt/nw/home/m.yu/repos/foundry/detectors/datasets/uniprot_pdb_benigns/pdbs/5mqf.pdb
benign_P01286,0,/mnt/nw/home/m.yu/repos/foundry/detectors/datasets/uniprot_pdb_benigns/pdbs/5bqm.pdb
benign_P0DP25,0,/mnt/nw/home/m.yu/repos/foundry/detectors/datasets/uniprot_pdb_benigns/pdbs/5coc.pdb
benign_P13349,0,/mnt/nw/home/m.yu/repos/foundry/detectors/datasets/uniprot_pdb_benigns/pdbs/7z5i.pdb
benign_P78358,0,/mnt/nw/home/m.yu/repos/foundry/detectors/datasets/uniprot_pdb_benigns/pdbs/1s9w.pdb
benign_P86397,0,/mnt/nw/home/m.yu/repos/foundry/detectors/datasets/uniprot_pdb_benigns/pdbs/3ir3.pdb
benign_Q13113,0,/mnt/nw/home/m.yu/repos/foundry/detectors/datasets/uniprot_pdb_benigns/pdbs/7vsi.pdb
benign_Q4G0W2,0,/mnt/nw/home/m.yu/repos/foundry/detectors/datasets/uniprot_pdb_benigns/pdbs/5y15.pdb
benign_Q53H80,0,/mnt/nw/home/m.yu/repos/foundry/detectors/datasets/uniprot_pdb_benigns/pdbs/7nht.pdb
benign_Q5VUM1,0,/mnt/nw/home/m.yu/repos/foundry/detectors/datasets/uniprot_pdb_benigns/pdbs/8dyd.pdb
benign_Q6NZ36,0,/mnt/nw/home/m.yu/repos/foundry/detectors/datasets/uniprot_pdb_benigns/pdbs/2muq.pdb
benign_Q6PF18,0,/mnt/nw/home/m.yu/repos/foundry/detectors/datasets/uniprot_pdb_benigns/pdbs/8j07.cif.gz
benign_Q6UWY2,0,/mnt/nw/home/m.yu/repos/foundry/detectors/datasets/uniprot_pdb_benigns/pdbs/4q7x.pdb
benign_Q86WR0,0,/mnt/nw/home/m.yu/repos/foundry/detectors/datasets/uniprot_pdb_benigns/pdbs/7eoe.pdb
benign_Q86Y78,0,/mnt/nw/home/m.yu/repos/foundry/detectors/datasets/uniprot_pdb_benigns/pdbs/6gbi.pdb
benign_Q8N8Q3,0,/mnt/nw/home/m.yu/repos/foundry/detectors/datasets/uniprot_pdb_benigns/pdbs/4nsp.pdb
benign_Q8WXF3,0,/mnt/nw/home/m.yu/repos/foundry/detectors/datasets/uniprot_pdb_benigns/pdbs/2fhw.pdb
benign_Q96AZ1,0,/mnt/nw/home/m.yu/repos/foundry/detectors/datasets/uniprot_pdb_benigns/pdbs/4qpn.pdb
benign_Q96C74,0,/mnt/nw/home/m.yu/repos/foundry/detectors/datasets/uniprot_pdb_benigns/pdbs/8j07.cif.gz
benign_Q96CT7,0,/mnt/nw/home/m.yu/repos/foundry/detectors/datasets/uniprot_pdb_benigns/pdbs/6z6l.cif.gz
benign_Q96K30,0,/mnt/nw/home/m.yu/repos/foundry/detectors/datasets/uniprot_pdb_benigns/pdbs/5eg6.pdb
benign_Q9BQE4,0,/mnt/nw/home/m.yu/repos/foundry/detectors/datasets/uniprot_pdb_benigns/pdbs/2q2f.pdb
benign_Q9BY14,0,/mnt/nw/home/m.yu/repos/foundry/detectors/datasets/uniprot_pdb_benigns/pdbs/7bpr.pdb
benign_Q9NV23,0,/mnt/nw/home/m.yu/repos/foundry/detectors/datasets/uniprot_pdb_benigns/pdbs/4xjv.pdb
benign_Q9UIL1,0,/mnt/nw/home/m.yu/repos/foundry/detectors/datasets/uniprot_pdb_benigns/pdbs/4bwd.pdb
benign_A6NI73,0,/mnt/nw/home/m.yu/repos/foundry/detectors/datasets/uniprot_pdb_benigns/pdbs/2d3v.pdb
benign_O00253,0,/mnt/nw/home/m.yu/repos/foundry/detectors/datasets/uniprot_pdb_benigns/pdbs/1hyk.pdb
benign_O43482,0,/mnt/nw/home/m.yu/repos/foundry/detectors/datasets/uniprot_pdb_benigns/pdbs/7sfy.pdb
benign_O43612,0,/mnt/nw/home/m.yu/repos/foundry/detectors/datasets/uniprot_pdb_benigns/pdbs/1cq0.pdb
benign_P15248,0,/mnt/nw/home/m.yu/repos/foundry/detectors/datasets/uniprot_pdb_benigns/pdbs/7ox1.pdb
benign_Q14135,0,/mnt/nw/home/m.yu/repos/foundry/detectors/datasets/uniprot_pdb_benigns/pdbs/8ytf.pdb
benign_Q16082,0,/mnt/nw/home/m.yu/repos/foundry/detectors/datasets/uniprot_pdb_benigns/pdbs/6f2r.pdb
benign_Q5VY80,0,/mnt/nw/home/m.yu/repos/foundry/detectors/datasets/uniprot_pdb_benigns/pdbs/4s0u.pdb
benign_Q5VZV1,0,/mnt/nw/home/m.yu/repos/foundry/detectors/datasets/uniprot_pdb_benigns/pdbs/4mtl.pdb
benign_Q6ISU1,0,/mnt/nw/home/m.yu/repos/foundry/detectors/datasets/uniprot_pdb_benigns/pdbs/3of6.pdb
benign_Q6PIF2,0,/mnt/nw/home/m.yu/repos/foundry/detectors/datasets/uniprot_pdb_benigns/pdbs/6r17.pdb
benign_Q8N2G4,0,/mnt/nw/home/m.yu/repos/foundry/detectors/datasets/uniprot_pdb_benigns/pdbs/6zss.pdb
benign_Q8N5M9,0,/mnt/nw/home/m.yu/repos/foundry/detectors/datasets/uniprot_pdb_benigns/pdbs/6wvd.pdb
benign_Q8NDD1,0,/mnt/nw/home/m.yu/repos/foundry/detectors/datasets/uniprot_pdb_benigns/pdbs/7mq8.cif.gz
benign_Q8TCY5,0,/mnt/nw/home/m.yu/repos/foundry/detectors/datasets/uniprot_pdb_benigns/pdbs/8gy7.pdb
benign_Q96LC9,0,/mnt/nw/home/m.yu/repos/foundry/detectors/datasets/uniprot_pdb_benigns/pdbs/7cnu.pdb
benign_Q9BTL3,0,/mnt/nw/home/m.yu/repos/foundry/detectors/datasets/uniprot_pdb_benigns/pdbs/5e8j.pdb
benign_Q9BV81,0,/mnt/nw/home/m.yu/repos/foundry/detectors/datasets/uniprot_pdb_benigns/pdbs/6ww7.pdb
benign_Q9BXU0,0,/mnt/nw/home/m.yu/repos/foundry/detectors/datasets/uniprot_pdb_benigns/pdbs/6hk8.pdb
benign_Q9BXV9,0,/mnt/nw/home/m.yu/repos/foundry/detectors/datasets/uniprot_pdb_benigns/pdbs/6gwj.pdb
benign_Q9H3H3,0,/mnt/nw/home/m.yu/repos/foundry/detectors/datasets/uniprot_pdb_benigns/pdbs/1ztp.pdb
benign_Q9NP98,0,/mnt/nw/home/m.yu/repos/foundry/detectors/datasets/uniprot_pdb_benigns/pdbs/7a8t.pdb
benign_Q9NPC3,0,/mnt/nw/home/m.yu/repos/foundry/detectors/datasets/uniprot_pdb_benigns/pdbs/9ges.pdb
benign_Q9NPG2,0,/mnt/nw/home/m.yu/repos/foundry/detectors/datasets/uniprot_pdb_benigns/pdbs/1oj6.pdb
benign_Q9NQZ6,0,/mnt/nw/home/m.yu/repos/foundry/detectors/datasets/uniprot_pdb_benigns/pdbs/9p3z.pdb
benign_Q9NUS5,0,/mnt/nw/home/m.yu/repos/foundry/detectors/datasets/uniprot_pdb_benigns/pdbs/8yab.pdb
benign_Q9NX04,0,/mnt/nw/home/m.yu/repos/foundry/detectors/datasets/uniprot_pdb_benigns/pdbs/8rhn.pdb
benign_Q9UNG2,0,/mnt/nw/home/m.yu/repos/foundry/detectors/datasets/uniprot_pdb_benigns/pdbs/2q1m.pdb
benign_Q9Y4P9,0,/mnt/nw/home/m.yu/repos/foundry/detectors/datasets/uniprot_pdb_benigns/pdbs/2ee7.pdb
benign_Q9Y6A4,0,/mnt/nw/home/m.yu/repos/foundry/detectors/datasets/uniprot_pdb_benigns/pdbs/7ung.cif.gz
benign_O43822,0,/mnt/nw/home/m.yu/repos/foundry/detectors/datasets/uniprot_pdb_benigns/pdbs/8axr.pdb
benign_O60232,0,/mnt/nw/home/m.yu/repos/foundry/detectors/datasets/uniprot_pdb_benigns/pdbs/6hcz.pdb
benign_O60844,0,/mnt/nw/home/m.yu/repos/foundry/detectors/datasets/uniprot_pdb_benigns/pdbs/3apa.pdb
benign_O95257,0,/mnt/nw/home/m.yu/repos/foundry/detectors/datasets/uniprot_pdb_benigns/pdbs/2wal.pdb
benign_P06881,0,/mnt/nw/home/m.yu/repos/foundry/detectors/datasets/uniprot_pdb_benigns/pdbs/6e3y.pdb
benign_P0DML2,0,/mnt/nw/home/m.yu/repos/foundry/detectors/datasets/uniprot_pdb_benigns/pdbs/1z7c.pdb
benign_P30711,0,/mnt/nw/home/m.yu/repos/foundry/detectors/datasets/uniprot_pdb_benigns/pdbs/2c3n.pdb
benign_P55344,0,/mnt/nw/home/m.yu/repos/foundry/detectors/datasets/uniprot_pdb_benigns/pdbs/9cbv.pdb
benign_P55773,0,/mnt/nw/home/m.yu/repos/foundry/detectors/datasets/uniprot_pdb_benigns/pdbs/1g91.pdb
benign_Q16661,0,/mnt/nw/home/m.yu/repos/foundry/detectors/datasets/uniprot_pdb_benigns/pdbs/1uya.pdb
benign_Q5SRE7,0,/mnt/nw/home/m.yu/repos/foundry/detectors/datasets/uniprot_pdb_benigns/pdbs/2opw.pdb
benign_Q6EIG7,0,/mnt/nw/home/m.yu/repos/foundry/detectors/datasets/uniprot_pdb_benigns/pdbs/5vyb.pdb
benign_Q6NZ67,0,/mnt/nw/home/m.yu/repos/foundry/detectors/datasets/uniprot_pdb_benigns/pdbs/9qvm.cif.gz
benign_Q6P589,0,/mnt/nw/home/m.yu/repos/foundry/detectors/datasets/uniprot_pdb_benigns/pdbs/3f4m.pdb
benign_Q7Z6K5,0,/mnt/nw/home/m.yu/repos/foundry/detectors/datasets/uniprot_pdb_benigns/pdbs/4z68.pdb
benign_Q8NAU1,0,/mnt/nw/home/m.yu/repos/foundry/detectors/datasets/uniprot_pdb_benigns/pdbs/4lsd.pdb
benign_Q92837,0,/mnt/nw/home/m.yu/repos/foundry/detectors/datasets/uniprot_pdb_benigns/pdbs/1gng.pdb
benign_Q969X0,0,/mnt/nw/home/m.yu/repos/foundry/detectors/datasets/uniprot_pdb_benigns/pdbs/6rir.pdb
benign_Q96M98,0,/mnt/nw/home/m.yu/repos/foundry/detectors/datasets/uniprot_pdb_benigns/pdbs/6ndu.pdb
benign_Q9BQ50,0,/mnt/nw/home/m.yu/repos/foundry/detectors/datasets/uniprot_pdb_benigns/pdbs/1y97.pdb
benign_Q9BT30,0,/mnt/nw/home/m.yu/repos/foundry/detectors/datasets/uniprot_pdb_benigns/pdbs/4qkb.pdb
benign_Q9BUF7,0,/mnt/nw/home/m.yu/repos/foundry/detectors/datasets/uniprot_pdb_benigns/pdbs/5i7z.pdb
benign_Q9BWK5,0,/mnt/nw/home/m.yu/repos/foundry/detectors/datasets/uniprot_pdb_benigns/pdbs/6tyu.pdb
benign_Q9H169,0,/mnt/nw/home/m.yu/repos/foundry/detectors/datasets/uniprot_pdb_benigns/pdbs/6br1.pdb
benign_Q9H2K0,0,/mnt/nw/home/m.yu/repos/foundry/detectors/datasets/uniprot_pdb_benigns/pdbs/6neq.pdb
benign_Q9P0P8,0,/mnt/nw/home/m.yu/repos/foundry/detectors/datasets/uniprot_pdb_benigns/pdbs/7a5h.cif.gz
benign_Q9UBY9,0,/mnt/nw/home/m.yu/repos/foundry/detectors/datasets/uniprot_pdb_benigns/pdbs/8pa0.pdb
benign_Q9UGB7,0,/mnt/nw/home/m.yu/repos/foundry/detectors/datasets/uniprot_pdb_benigns/pdbs/2ibn.pdb
benign_Q9Y235,0,/mnt/nw/home/m.yu/repos/foundry/detectors/datasets/uniprot_pdb_benigns/pdbs/2nyt.pdb
benign_Q9Y3A2,0,/mnt/nw/home/m.yu/repos/foundry/detectors/datasets/uniprot_pdb_benigns/pdbs/7mq8.cif.gz
benign_O43914,0,/mnt/nw/home/m.yu/repos/foundry/detectors/datasets/uniprot_pdb_benigns/pdbs/2l34.pdb
benign_O75628,0,/mnt/nw/home/m.yu/repos/foundry/detectors/datasets/uniprot_pdb_benigns/pdbs/2nzj.pdb
benign_O75884,0,/mnt/nw/home/m.yu/repos/foundry/detectors/datasets/uniprot_pdb_benigns/pdbs/2qs9.pdb
benign_O75935,0,/mnt/nw/home/m.yu/repos/foundry/detectors/datasets/uniprot_pdb_benigns/pdbs/9b7j.cif.gz
benign_O75956,0,/mnt/nw/home/m.yu/repos/foundry/detectors/datasets/uniprot_pdb_benigns/pdbs/2m1l.pdb
benign_O76093,0,/mnt/nw/home/m.yu/repos/foundry/detectors/datasets/uniprot_pdb_benigns/pdbs/4cjm.pdb
benign_O95944,0,/mnt/nw/home/m.yu/repos/foundry/detectors/datasets/uniprot_pdb_benigns/pdbs/1hkf.pdb
benign_P04090,0,/mnt/nw/home/m.yu/repos/foundry/detectors/datasets/uniprot_pdb_benigns/pdbs/2mv1.pdb
benign_P07492,0,/mnt/nw/home/m.yu/repos/foundry/detectors/datasets/uniprot_pdb_benigns/pdbs/2n0b.pdb
benign_P0C024,0,/mnt/nw/home/m.yu/repos/foundry/detectors/datasets/uniprot_pdb_benigns/pdbs/5qgg.pdb
benign_P0DPB6,0,/mnt/nw/home/m.yu/repos/foundry/detectors/datasets/uniprot_pdb_benigns/pdbs/7a6h.pdb
benign_P49842,0,/mnt/nw/home/m.yu/repos/foundry/detectors/datasets/uniprot_pdb_benigns/pdbs/7xrb.pdb
benign_P55000,0,/mnt/nw/home/m.yu/repos/foundry/detectors/datasets/uniprot_pdb_benigns/pdbs/6zze.pdb
benign_Q01362,0,/mnt/nw/home/m.yu/repos/foundry/detectors/datasets/uniprot_pdb_benigns/pdbs/8yvu.pdb
benign_Q02747,0,/mnt/nw/home/m.yu/repos/foundry/detectors/datasets/uniprot_pdb_benigns/pdbs/1gna.pdb
benign_Q15726,0,/mnt/nw/home/m.yu/repos/foundry/detectors/datasets/uniprot_pdb_benigns/pdbs/8xgs.pdb
benign_Q16568,0,/mnt/nw/home/m.yu/repos/foundry/detectors/datasets/uniprot_pdb_benigns/pdbs/1hy9.pdb
benign_Q53S33,0,/mnt/nw/home/m.yu/repos/foundry/detectors/datasets/uniprot_pdb_benigns/pdbs/2ncl.pdb
benign_Q6ICB0,0,/mnt/nw/home/m.yu/repos/foundry/detectors/datasets/uniprot_pdb_benigns/pdbs/3ebq.pdb
benign_Q6UVW9,0,/mnt/nw/home/m.yu/repos/foundry/detectors/datasets/uniprot_pdb_benigns/pdbs/4iop.pdb
benign_Q6UW88,0,/mnt/nw/home/m.yu/repos/foundry/detectors/datasets/uniprot_pdb_benigns/pdbs/5wb8.pdb
benign_Q6UXN8,0,/mnt/nw/home/m.yu/repos/foundry/detectors/datasets/uniprot_pdb_benigns/pdbs/3vpp.pdb
benign_Q86WX3,0,/mnt/nw/home/m.yu/repos/foundry/detectors/datasets/uniprot_pdb_benigns/pdbs/7mqa.cif.gz
benign_Q8IVP5,0,/mnt/nw/home/m.yu/repos/foundry/detectors/datasets/uniprot_pdb_benigns/pdbs/2n9x.pdb
benign_Q8IXM3,0,/mnt/nw/home/m.yu/repos/foundry/detectors/datasets/uniprot_pdb_benigns/pdbs/3j7y.pdb
benign_Q8N138,0,/mnt/nw/home/m.yu/repos/foundry/detectors/datasets/uniprot_pdb_benigns/pdbs/6m4n.pdb
benign_Q8N4B1,0,/mnt/nw/home/m.yu/repos/foundry/detectors/datasets/uniprot_pdb_benigns/pdbs/3qis.pdb
benign_Q8NEV9,0,/mnt/nw/home/m.yu/repos/foundry/detectors/datasets/uniprot_pdb_benigns/pdbs/7u7n.pdb
benign_Q8NHS0,0,/mnt/nw/home/m.yu/repos/foundry/detectors/datasets/uniprot_pdb_benigns/pdbs/2dmx.pdb
benign_Q8TAI7,0,/mnt/nw/home/m.yu/repos/foundry/detectors/datasets/uniprot_pdb_benigns/pdbs/3oes.pdb
benign_Q8WY41,0,/mnt/nw/home/m.yu/repos/foundry/detectors/datasets/uniprot_pdb_benigns/pdbs/4cqo.pdb
benign_Q92982,0,/mnt/nw/home/m.yu/repos/foundry/detectors/datasets/uniprot_pdb_benigns/pdbs/8cqr.pdb
benign_Q96A44,0,/mnt/nw/home/m.yu/repos/foundry/detectors/datasets/uniprot_pdb_benigns/pdbs/2v24.pdb
benign_Q96BP2,0,/mnt/nw/home/m.yu/repos/foundry/detectors/datasets/uniprot_pdb_benigns/pdbs/3j9m.cif.gz
benign_Q96BR5,0,/mnt/nw/home/m.yu/repos/foundry/detectors/datasets/uniprot_pdb_benigns/pdbs/7mqz.pdb
benign_Q96CS2,0,/mnt/nw/home/m.yu/repos/foundry/detectors/datasets/uniprot_pdb_benigns/pdbs/7sqk.pdb
benign_Q96DN0,0,/mnt/nw/home/m.yu/repos/foundry/detectors/datasets/uniprot_pdb_benigns/pdbs/2l4c.pdb
benign_Q96E93,0,/mnt/nw/home/m.yu/repos/foundry/detectors/datasets/uniprot_pdb_benigns/pdbs/3ff7.pdb
benign_Q9BT23,0,/mnt/nw/home/m.yu/repos/foundry/detectors/datasets/uniprot_pdb_benigns/pdbs/2lzu.pdb
benign_Q9BUE0,0,/mnt/nw/home/m.yu/repos/foundry/detectors/datasets/uniprot_pdb_benigns/pdbs/7emf.pdb
benign_Q9BVM4,0,/mnt/nw/home/m.yu/repos/foundry/detectors/datasets/uniprot_pdb_benigns/pdbs/3jub.pdb
benign_Q9BYC8,0,/mnt/nw/home/m.yu/repos/foundry/detectors/datasets/uniprot_pdb_benigns/pdbs/3j7y.pdb
benign_Q9H063,0,/mnt/nw/home/m.yu/repos/foundry/detectors/datasets/uniprot_pdb_benigns/pdbs/3nr5.pdb
benign_Q9H204,0,/mnt/nw/home/m.yu/repos/foundry/detectors/datasets/uniprot_pdb_benigns/pdbs/7emf.pdb
benign_Q9H293,0,/mnt/nw/home/m.yu/repos/foundry/detectors/datasets/uniprot_pdb_benigns/pdbs/7uwj.pdb
benign_Q9H4A6,0,/mnt/nw/home/m.yu/repos/foundry/detectors/datasets/uniprot_pdb_benigns/pdbs/3kn1.pdb
benign_Q9NUN7,0,/mnt/nw/home/m.yu/repos/foundry/detectors/datasets/uniprot_pdb_benigns/pdbs/6g7o.pdb
benign_Q9NWS0,0,/mnt/nw/home/m.yu/repos/foundry/detectors/datasets/uniprot_pdb_benigns/pdbs/4psf.pdb
benign_Q9NWU2,0,/mnt/nw/home/m.yu/repos/foundry/detectors/datasets/uniprot_pdb_benigns/pdbs/7nsc.pdb
benign_Q9NX08,0,/mnt/nw/home/m.yu/repos/foundry/detectors/datasets/uniprot_pdb_benigns/pdbs/8f2r.pdb
benign_Q9NYP9,0,/mnt/nw/home/m.yu/repos/foundry/detectors/datasets/uniprot_pdb_benigns/pdbs/7sfy.pdb
benign_Q9NZ63,0,/mnt/nw/home/m.yu/repos/foundry/detectors/datasets/uniprot_pdb_benigns/pdbs/7os2.pdb
benign_Q9NZE8,0,/mnt/nw/home/m.yu/repos/foundry/detectors/datasets/uniprot_pdb_benigns/pdbs/3j7y.pdb
benign_Q9Y244,0,/mnt/nw/home/m.yu/repos/foundry/detectors/datasets/uniprot_pdb_benigns/pdbs/8qyj.pdb
benign_Q9Y365,0,/mnt/nw/home/m.yu/repos/foundry/detectors/datasets/uniprot_pdb_benigns/pdbs/6ser.pdb
benign_Q9Y5U8,0,/mnt/nw/home/m.yu/repos/foundry/detectors/datasets/uniprot_pdb_benigns/pdbs/8yw6.pdb
benign_Q9Y5Z4,0,/mnt/nw/home/m.yu/repos/foundry/detectors/datasets/uniprot_pdb_benigns/pdbs/3r85.pdb
benign_A1XBS5,0,/mnt/nw/home/m.yu/repos/foundry/detectors/datasets/uniprot_pdb_benigns/pdbs/8ceg.pdb
benign_O00175,0,/mnt/nw/home/m.yu/repos/foundry/detectors/datasets/uniprot_pdb_benigns/pdbs/1eig.pdb
benign_O43402,0,/mnt/nw/home/m.yu/repos/foundry/detectors/datasets/uniprot_pdb_benigns/pdbs/6ww7.pdb
benign_O43759,0,/mnt/nw/home/m.yu/repos/foundry/detectors/datasets/uniprot_pdb_benigns/pdbs/8a6m.pdb
benign_O76095,0,/mnt/nw/home/m.yu/repos/foundry/detectors/datasets/uniprot_pdb_benigns/pdbs/2kjx.pdb
benign_O95711,0,/mnt/nw/home/m.yu/repos/foundry/detectors/datasets/uniprot_pdb_benigns/pdbs/3b2d.pdb
benign_P01178,0,/mnt/nw/home/m.yu/repos/foundry/detectors/datasets/uniprot_pdb_benigns/pdbs/7ofg.pdb
benign_P14207,0,/mnt/nw/home/m.yu/repos/foundry/detectors/datasets/uniprot_pdb_benigns/pdbs/4kmy.pdb
benign_P19876,0,/mnt/nw/home/m.yu/repos/foundry/detectors/datasets/uniprot_pdb_benigns/pdbs/8xwf.pdb
benign_P26441,0,/mnt/nw/home/m.yu/repos/foundry/detectors/datasets/uniprot_pdb_benigns/pdbs/1cnt.pdb
benign_P53805,0,/mnt/nw/home/m.yu/repos/foundry/detectors/datasets/uniprot_pdb_benigns/pdbs/6uuq.pdb
benign_P58340,0,/mnt/nw/home/m.yu/repos/foundry/detectors/datasets/uniprot_pdb_benigns/pdbs/3ual.pdb
benign_P60006,0,/mnt/nw/home/m.yu/repos/foundry/detectors/datasets/uniprot_pdb_benigns/pdbs/4ui9.pdb
benign_P79483,0,/mnt/nw/home/m.yu/repos/foundry/detectors/datasets/uniprot_pdb_benigns/pdbs/2q6w.pdb
benign_P80162,0,/mnt/nw/home/m.yu/repos/foundry/detectors/datasets/uniprot_pdb_benigns/pdbs/8xwm.pdb
benign_Q12983,0,/mnt/nw/home/m.yu/repos/foundry/detectors/datasets/uniprot_pdb_benigns/pdbs/2j5d.pdb
benign_Q16674,0,/mnt/nw/home/m.yu/repos/foundry/detectors/datasets/uniprot_pdb_benigns/pdbs/1hjd.pdb
benign_Q5W111,0,/mnt/nw/home/m.yu/repos/foundry/detectors/datasets/uniprot_pdb_benigns/pdbs/7ccb.pdb
benign_Q7Z5W3,0,/mnt/nw/home/m.yu/repos/foundry/detectors/datasets/uniprot_pdb_benigns/pdbs/6l8u.pdb
benign_Q8NFP7,0,/mnt/nw/home/m.yu/repos/foundry/detectors/datasets/uniprot_pdb_benigns/pdbs/3mcf.pdb
benign_Q8TCF1,0,/mnt/nw/home/m.yu/repos/foundry/detectors/datasets/uniprot_pdb_benigns/pdbs/7y39.pdb
benign_Q8WVK2,0,/mnt/nw/home/m.yu/repos/foundry/detectors/datasets/uniprot_pdb_benigns/pdbs/6qw6.cif.gz
benign_Q8WVK7,0,/mnt/nw/home/m.yu/repos/foundry/detectors/datasets/uniprot_pdb_benigns/pdbs/4aj5.pdb
benign_Q969J5,0,/mnt/nw/home/m.yu/repos/foundry/detectors/datasets/uniprot_pdb_benigns/pdbs/3g9v.pdb
benign_Q969T7,0,/mnt/nw/home/m.yu/repos/foundry/detectors/datasets/uniprot_pdb_benigns/pdbs/7zee.pdb
benign_Q96A58,0,/mnt/nw/home/m.yu/repos/foundry/detectors/datasets/uniprot_pdb_benigns/pdbs/2atv.pdb
benign_Q96CS7,0,/mnt/nw/home/m.yu/repos/foundry/detectors/datasets/uniprot_pdb_benigns/pdbs/3aj4.pdb
benign_Q96EY4,0,/mnt/nw/home/m.yu/repos/foundry/detectors/datasets/uniprot_pdb_benigns/pdbs/6lss.cif.gz
benign_Q9BQ24,0,/mnt/nw/home/m.yu/repos/foundry/detectors/datasets/uniprot_pdb_benigns/pdbs/2rrf.pdb
benign_Q9BRT3,0,/mnt/nw/home/m.yu/repos/foundry/detectors/datasets/uniprot_pdb_benigns/pdbs/2ljk.pdb
benign_Q9BU64,0,/mnt/nw/home/m.yu/repos/foundry/detectors/datasets/uniprot_pdb_benigns/pdbs/7pb8.pdb
benign_Q9BUH6,0,/mnt/nw/home/m.yu/repos/foundry/detectors/datasets/uniprot_pdb_benigns/pdbs/3wtd.pdb
benign_Q9BVK8,0,/mnt/nw/home/m.yu/repos/foundry/detectors/datasets/uniprot_pdb_benigns/pdbs/6w6l.cif.gz
benign_Q9GZX9,0,/mnt/nw/home/m.yu/repos/foundry/detectors/datasets/uniprot_pdb_benigns/pdbs/8bwa.pdb
benign_Q9H3R5,0,/mnt/nw/home/m.yu/repos/foundry/detectors/datasets/uniprot_pdb_benigns/pdbs/7pb4.pdb
benign_Q9H4I9,0,/mnt/nw/home/m.yu/repos/foundry/detectors/datasets/uniprot_pdb_benigns/pdbs/6k7x.pdb
benign_Q9H633,0,/mnt/nw/home/m.yu/repos/foundry/detectors/datasets/uniprot_pdb_benigns/pdbs/6ahr.pdb
benign_Q9NVX0,0,/mnt/nw/home/m.yu/repos/foundry/detectors/datasets/uniprot_pdb_benigns/pdbs/7sqk.pdb
benign_Q9NX07,0,/mnt/nw/home/m.yu/repos/foundry/detectors/datasets/uniprot_pdb_benigns/pdbs/2dhg.pdb
benign_Q9NX70,0,/mnt/nw/home/m.yu/repos/foundry/detectors/datasets/uniprot_pdb_benigns/pdbs/7emf.pdb
benign_Q9NZH6,0,/mnt/nw/home/m.yu/repos/foundry/detectors/datasets/uniprot_pdb_benigns/pdbs/5hn1.pdb
benign_Q9P013,0,/mnt/nw/home/m.yu/repos/foundry/detectors/datasets/uniprot_pdb_benigns/pdbs/5mqf.pdb
benign_Q9UBU3,0,/mnt/nw/home/m.yu/repos/foundry/detectors/datasets/uniprot_pdb_benigns/pdbs/6h3e.pdb
benign_Q9UDW3,0,/mnt/nw/home/m.yu/repos/foundry/detectors/datasets/uniprot_pdb_benigns/pdbs/8r7n.pdb
benign_Q9ULR0,0,/mnt/nw/home/m.yu/repos/foundry/detectors/datasets/uniprot_pdb_benigns/pdbs/5yzg.cif.gz
benign_Q9Y2Y0,0,/mnt/nw/home/m.yu/repos/foundry/detectors/datasets/uniprot_pdb_benigns/pdbs/2k9a.pdb
benign_Q9Y3C8,0,/mnt/nw/home/m.yu/repos/foundry/detectors/datasets/uniprot_pdb_benigns/pdbs/2k07.pdb
benign_Q9Y3D8,0,/mnt/nw/home/m.yu/repos/foundry/detectors/datasets/uniprot_pdb_benigns/pdbs/1rkb.pdb
benign_Q9Y547,0,/mnt/nw/home/m.yu/repos/foundry/detectors/datasets/uniprot_pdb_benigns/pdbs/1tvg.pdb
benign_Q9Y5X0,0,/mnt/nw/home/m.yu/repos/foundry/detectors/datasets/uniprot_pdb_benigns/pdbs/4on3.pdb
benign_O14493,0,/mnt/nw/home/m.yu/repos/foundry/detectors/datasets/uniprot_pdb_benigns/pdbs/5b2g.pdb
benign_O14796,0,/mnt/nw/home/m.yu/repos/foundry/detectors/datasets/uniprot_pdb_benigns/pdbs/5kaz.pdb
benign_O43257,0,/mnt/nw/home/m.yu/repos/foundry/detectors/datasets/uniprot_pdb_benigns/pdbs/8x15.cif.gz
benign_O76096,0,/mnt/nw/home/m.yu/repos/foundry/detectors/datasets/uniprot_pdb_benigns/pdbs/2ch9.pdb
benign_O95848,0,/mnt/nw/home/m.yu/repos/foundry/detectors/datasets/uniprot_pdb_benigns/pdbs/3q91.pdb
benign_O95866,0,/mnt/nw/home/m.yu/repos/foundry/detectors/datasets/uniprot_pdb_benigns/pdbs/6r0x.pdb
benign_O95998,0,/mnt/nw/home/m.yu/repos/foundry/detectors/datasets/uniprot_pdb_benigns/pdbs/7al7.pdb
benign_P01210,0,/mnt/nw/home/m.yu/repos/foundry/detectors/datasets/uniprot_pdb_benigns/pdbs/1plw.pdb
benign_P01236,0,/mnt/nw/home/m.yu/repos/foundry/detectors/datasets/uniprot_pdb_benigns/pdbs/1rw5.pdb
benign_P02818,0,/mnt/nw/home/m.yu/repos/foundry/detectors/datasets/uniprot_pdb_benigns/pdbs/8xs1.pdb
benign_P12018,0,/mnt/nw/home/m.yu/repos/foundry/detectors/datasets/uniprot_pdb_benigns/pdbs/2h32.pdb
benign_P20366,0,/mnt/nw/home/m.yu/repos/foundry/detectors/datasets/uniprot_pdb_benigns/pdbs/2b19.pdb
benign_P22749,0,/mnt/nw/home/m.yu/repos/foundry/detectors/datasets/uniprot_pdb_benigns/pdbs/1l9l.pdb
benign_P28067,0,/mnt/nw/home/m.yu/repos/foundry/detectors/datasets/uniprot_pdb_benigns/pdbs/1hdm.pdb
benign_P28325,0,/mnt/nw/home/m.yu/repos/foundry/detectors/datasets/uniprot_pdb_benigns/pdbs/1rn7.pdb
benign_P30990,0,/mnt/nw/home/m.yu/repos/foundry/detectors/datasets/uniprot_pdb_benigns/pdbs/2lne.pdb
benign_P33764,0,/mnt/nw/home/m.yu/repos/foundry/detectors/datasets/uniprot_pdb_benigns/pdbs/1kso.pdb
benign_P47224,0,/mnt/nw/home/m.yu/repos/foundry/detectors/datasets/uniprot_pdb_benigns/pdbs/1fwq.pdb
benign_P62699,0,/mnt/nw/home/m.yu/repos/foundry/detectors/datasets/uniprot_pdb_benigns/pdbs/8qbn.pdb
benign_Q13765,0,/mnt/nw/home/m.yu/repos/foundry/detectors/datasets/uniprot_pdb_benigns/pdbs/3lkx.pdb
benign_Q53FT3,0,/mnt/nw/home/m.yu/repos/foundry/detectors/datasets/uniprot_pdb_benigns/pdbs/3wvz.pdb
benign_Q5JTJ3,0,/mnt/nw/home/m.yu/repos/foundry/detectors/datasets/uniprot_pdb_benigns/pdbs/6nl3.pdb
benign_Q5TA31,0,/mnt/nw/home/m.yu/repos/foundry/detectors/datasets/uniprot_pdb_benigns/pdbs/7ow2.pdb
benign_Q5TD97,0,/mnt/nw/home/m.yu/repos/foundry/detectors/datasets/uniprot_pdb_benigns/pdbs/1x68.pdb
benign_Q6ICL3,0,/mnt/nw/home/m.yu/repos/foundry/detectors/datasets/uniprot_pdb_benigns/pdbs/8sv7.pdb
benign_Q6NTF7,0,/mnt/nw/home/m.yu/repos/foundry/detectors/datasets/uniprot_pdb_benigns/pdbs/5w45.pdb
benign_Q6P1K2,0,/mnt/nw/home/m.yu/repos/foundry/detectors/datasets/uniprot_pdb_benigns/pdbs/5lsj.pdb
benign_Q6PI98,0,/mnt/nw/home/m.yu/repos/foundry/detectors/datasets/uniprot_pdb_benigns/pdbs/7zi4.cif.gz
benign_Q6UWP2,0,/mnt/nw/home/m.yu/repos/foundry/detectors/datasets/uniprot_pdb_benigns/pdbs/1xg5.pdb
benign_Q6UXZ0,0,/mnt/nw/home/m.yu/repos/foundry/detectors/datasets/uniprot_pdb_benigns/pdbs/8cd3.pdb
benign_Q6ZRY4,0,/mnt/nw/home/m.yu/repos/foundry/detectors/datasets/uniprot_pdb_benigns/pdbs/2m9k.pdb
benign_Q7L2Z9,0,/mnt/nw/home/m.yu/repos/foundry/detectors/datasets/uniprot_pdb_benigns/pdbs/7pb8.pdb
benign_Q7Z6V5,0,/mnt/nw/home/m.yu/repos/foundry/detectors/datasets/uniprot_pdb_benigns/pdbs/3dh1.pdb
benign_Q86T03,0,/mnt/nw/home/m.yu/repos/foundry/detectors/datasets/uniprot_pdb_benigns/pdbs/8oqh.pdb
benign_Q86VX2,0,/mnt/nw/home/m.yu/repos/foundry/detectors/datasets/uniprot_pdb_benigns/pdbs/8esd.pdb
benign_Q8IU54,0,/mnt/nw/home/m.yu/repos/foundry/detectors/datasets/uniprot_pdb_benigns/pdbs/3og4.pdb
benign_Q8IVV7,0,/mnt/nw/home/m.yu/repos/foundry/detectors/datasets/uniprot_pdb_benigns/pdbs/6ccr.pdb
benign_Q8IWT0,0,/mnt/nw/home/m.yu/repos/foundry/detectors/datasets/uniprot_pdb_benigns/pdbs/5yz1.pdb
benign_Q8N4P3,0,/mnt/nw/home/m.yu/repos/foundry/detectors/datasets/uniprot_pdb_benigns/pdbs/3nr1.pdb
benign_Q8N4V1,0,/mnt/nw/home/m.yu/repos/foundry/detectors/datasets/uniprot_pdb_benigns/pdbs/6ww7.pdb
benign_Q8NHV1,0,/mnt/nw/home/m.yu/repos/foundry/detectors/datasets/uniprot_pdb_benigns/pdbs/3zjc.pdb
benign_Q8WUU5,0,/mnt/nw/home/m.yu/repos/foundry/detectors/datasets/uniprot_pdb_benigns/pdbs/8q1s.pdb
benign_Q8WW35,0,/mnt/nw/home/m.yu/repos/foundry/detectors/datasets/uniprot_pdb_benigns/pdbs/8j07.cif.gz
benign_Q93091,0,/mnt/nw/home/m.yu/repos/foundry/detectors/datasets/uniprot_pdb_benigns/pdbs/4x09.pdb
benign_Q96CG3,0,/mnt/nw/home/m.yu/repos/foundry/detectors/datasets/uniprot_pdb_benigns/pdbs/4ym4.pdb
benign_Q96G25,0,/mnt/nw/home/m.yu/repos/foundry/detectors/datasets/uniprot_pdb_benigns/pdbs/7emf.pdb
benign_Q99547,0,/mnt/nw/home/m.yu/repos/foundry/detectors/datasets/uniprot_pdb_benigns/pdbs/6d6q.pdb
benign_Q9BPZ3,0,/mnt/nw/home/m.yu/repos/foundry/detectors/datasets/uniprot_pdb_benigns/pdbs/1jgn.pdb
benign_Q9BQA9,0,/mnt/nw/home/m.yu/repos/foundry/detectors/datasets/uniprot_pdb_benigns/pdbs/8kei.pdb
benign_Q9BRJ7,0,/mnt/nw/home/m.yu/repos/foundry/detectors/datasets/uniprot_pdb_benigns/pdbs/3kvh.pdb
benign_Q9BSF4,0,/mnt/nw/home/m.yu/repos/foundry/detectors/datasets/uniprot_pdb_benigns/pdbs/7cgp.pdb
benign_Q9BW61,0,/mnt/nw/home/m.yu/repos/foundry/detectors/datasets/uniprot_pdb_benigns/pdbs/6dsz.pdb
benign_Q9BXS1,0,/mnt/nw/home/m.yu/repos/foundry/detectors/datasets/uniprot_pdb_benigns/pdbs/2pny.pdb
benign_Q9BZM5,0,/mnt/nw/home/m.yu/repos/foundry/detectors/datasets/uniprot_pdb_benigns/pdbs/8imx.pdb
benign_Q9GZN7,0,/mnt/nw/home/m.yu/repos/foundry/detectors/datasets/uniprot_pdb_benigns/pdbs/5xqh.pdb
benign_Q9H3J6,0,/mnt/nw/home/m.yu/repos/foundry/detectors/datasets/uniprot_pdb_benigns/pdbs/7a5h.cif.gz
benign_Q9NPB1,0,/mnt/nw/home/m.yu/repos/foundry/detectors/datasets/uniprot_pdb_benigns/pdbs/1mh9.pdb
benign_Q9NRG1,0,/mnt/nw/home/m.yu/repos/foundry/detectors/datasets/uniprot_pdb_benigns/pdbs/2jbh.pdb
benign_Q9NY25,0,/mnt/nw/home/m.yu/repos/foundry/detectors/datasets/uniprot_pdb_benigns/pdbs/2yhf.pdb
benign_Q9NY56,0,/mnt/nw/home/m.yu/repos/foundry/detectors/datasets/uniprot_pdb_benigns/pdbs/4run.pdb
benign_Q9NYV7,0,/mnt/nw/home/m.yu/repos/foundry/detectors/datasets/uniprot_pdb_benigns/pdbs/9k6l.pdb
benign_Q9NZK7,0,/mnt/nw/home/m.yu/repos/foundry/detectors/datasets/uniprot_pdb_benigns/pdbs/5wzm.pdb
benign_Q9P0S9,0,/mnt/nw/home/m.yu/repos/foundry/detectors/datasets/uniprot_pdb_benigns/pdbs/2los.pdb
benign_Q9UHQ4,0,/mnt/nw/home/m.yu/repos/foundry/detectors/datasets/uniprot_pdb_benigns/pdbs/4w7y.pdb
benign_Q9UKY0,0,/mnt/nw/home/m.yu/repos/foundry/detectors/datasets/uniprot_pdb_benigns/pdbs/1lg4.pdb
benign_Q9Y5U4,0,/mnt/nw/home/m.yu/repos/foundry/detectors/datasets/uniprot_pdb_benigns/pdbs/4j82.pdb
benign_O00287,0,/mnt/nw/home/m.yu/repos/foundry/detectors/datasets/uniprot_pdb_benigns/pdbs/2kw3.pdb
benign_O00338,0,/mnt/nw/home/m.yu/repos/foundry/detectors/datasets/uniprot_pdb_benigns/pdbs/3bfx.pdb
benign_O00399,0,/mnt/nw/home/m.yu/repos/foundry/detectors/datasets/uniprot_pdb_benigns/pdbs/3tv0.pdb
benign_O14669,0,/mnt/nw/home/m.yu/repos/foundry/detectors/datasets/uniprot_pdb_benigns/pdbs/9bvp.cif.gz
benign_O15503,0,/mnt/nw/home/m.yu/repos/foundry/detectors/datasets/uniprot_pdb_benigns/pdbs/4j81.pdb
benign_O60479,0,/mnt/nw/home/m.yu/repos/foundry/detectors/datasets/uniprot_pdb_benigns/pdbs/4xrs.pdb
benign_O60543,0,/mnt/nw/home/m.yu/repos/foundry/detectors/datasets/uniprot_pdb_benigns/pdbs/2eel.pdb
benign_O60565,0,/mnt/nw/home/m.yu/repos/foundry/detectors/datasets/uniprot_pdb_benigns/pdbs/5aej.pdb
benign_O60888,0,/mnt/nw/home/m.yu/repos/foundry/detectors/datasets/uniprot_pdb_benigns/pdbs/1xk8.pdb
benign_O60927,0,/mnt/nw/home/m.yu/repos/foundry/detectors/datasets/uniprot_pdb_benigns/pdbs/8dwk.pdb
benign_O94811,0,/mnt/nw/home/m.yu/repos/foundry/detectors/datasets/uniprot_pdb_benigns/pdbs/9j4d.pdb
benign_O95229,0,/mnt/nw/home/m.yu/repos/foundry/detectors/datasets/uniprot_pdb_benigns/pdbs/8ppr.pdb
benign_O95484,0,/mnt/nw/home/m.yu/repos/foundry/detectors/datasets/uniprot_pdb_benigns/pdbs/6ov2.pdb
benign_P01920,0,/mnt/nw/home/m.yu/repos/foundry/detectors/datasets/uniprot_pdb_benigns/pdbs/1jk8.pdb
benign_P02746,0,/mnt/nw/home/m.yu/repos/foundry/detectors/datasets/uniprot_pdb_benigns/pdbs/1pk6.pdb
benign_P08118,0,/mnt/nw/home/m.yu/repos/foundry/detectors/datasets/uniprot_pdb_benigns/pdbs/2iz3.pdb
benign_P08949,0,/mnt/nw/home/m.yu/repos/foundry/detectors/datasets/uniprot_pdb_benigns/pdbs/1c98.pdb
benign_P0DMM9,0,/mnt/nw/home/m.yu/repos/foundry/detectors/datasets/uniprot_pdb_benigns/pdbs/1cjm.pdb
benign_P10720,0,/mnt/nw/home/m.yu/repos/foundry/detectors/datasets/uniprot_pdb_benigns/pdbs/4hsv.pdb
benign_P17041,0,/mnt/nw/home/m.yu/repos/foundry/detectors/datasets/uniprot_pdb_benigns/pdbs/2epc.pdb
benign_P23435,0,/mnt/nw/home/m.yu/repos/foundry/detectors/datasets/uniprot_pdb_benigns/pdbs/5kc5.pdb
benign_P26717,0,/mnt/nw/home/m.yu/repos/foundry/detectors/datasets/uniprot_pdb_benigns/pdbs/2l35.pdb
benign_P41223,0,/mnt/nw/home/m.yu/repos/foundry/detectors/datasets/uniprot_pdb_benigns/pdbs/4oed.pdb
benign_P51460,0,/mnt/nw/home/m.yu/repos/foundry/detectors/datasets/uniprot_pdb_benigns/pdbs/2h8b.pdb
benign_P56211,0,/mnt/nw/home/m.yu/repos/foundry/detectors/datasets/uniprot_pdb_benigns/pdbs/8ttb.pdb
benign_P61009,0,/mnt/nw/home/m.yu/repos/foundry/detectors/datasets/uniprot_pdb_benigns/pdbs/7p2p.pdb
benign_P61278,0,/mnt/nw/home/m.yu/repos/foundry/detectors/datasets/uniprot_pdb_benigns/pdbs/2mi1.pdb
benign_Q05315,0,/mnt/nw/home/m.yu/repos/foundry/detectors/datasets/uniprot_pdb_benigns/pdbs/1g86.pdb
benign_Q12918,0,/mnt/nw/home/m.yu/repos/foundry/detectors/datasets/uniprot_pdb_benigns/pdbs/5mgr.pdb
benign_Q15493,0,/mnt/nw/home/m.yu/repos/foundry/detectors/datasets/uniprot_pdb_benigns/pdbs/3g4e.pdb
benign_Q15528,0,/mnt/nw/home/m.yu/repos/foundry/detectors/datasets/uniprot_pdb_benigns/pdbs/7emf.pdb
benign_Q15649,0,/mnt/nw/home/m.yu/repos/foundry/detectors/datasets/uniprot_pdb_benigns/pdbs/2yqq.pdb
benign_Q16384,0,/mnt/nw/home/m.yu/repos/foundry/detectors/datasets/uniprot_pdb_benigns/pdbs/8hr1.pdb
benign_Q68J44,0,/mnt/nw/home/m.yu/repos/foundry/detectors/datasets/uniprot_pdb_benigns/pdbs/2y96.pdb
benign_Q6I9Y2,0,/mnt/nw/home/m.yu/repos/foundry/detectors/datasets/uniprot_pdb_benigns/pdbs/7apk.pdb
benign_Q6IPU0,0,/mnt/nw/home/m.yu/repos/foundry/detectors/datasets/uniprot_pdb_benigns/pdbs/7pb8.pdb
benign_Q6P4F2,0,/mnt/nw/home/m.yu/repos/foundry/detectors/datasets/uniprot_pdb_benigns/pdbs/2y5c.pdb
benign_Q86SE8,0,/mnt/nw/home/m.yu/repos/foundry/detectors/datasets/uniprot_pdb_benigns/pdbs/3t30.pdb
benign_Q86YI8,0,/mnt/nw/home/m.yu/repos/foundry/detectors/datasets/uniprot_pdb_benigns/pdbs/3o70.pdb
benign_Q8TAE8,0,/mnt/nw/home/m.yu/repos/foundry/detectors/datasets/uniprot_pdb_benigns/pdbs/3j7y.pdb
benign_Q8TCB7,0,/mnt/nw/home/m.yu/repos/foundry/detectors/datasets/uniprot_pdb_benigns/pdbs/7ezg.pdb
benign_Q8TD06,0,/mnt/nw/home/m.yu/repos/foundry/detectors/datasets/uniprot_pdb_benigns/pdbs/3ph9.pdb
benign_Q8WXB1,0,/mnt/nw/home/m.yu/repos/foundry/detectors/datasets/uniprot_pdb_benigns/pdbs/4lec.pdb
benign_Q8WYQ3,0,/mnt/nw/home/m.yu/repos/foundry/detectors/datasets/uniprot_pdb_benigns/pdbs/9cww.pdb
benign_Q92564,0,/mnt/nw/home/m.yu/repos/foundry/detectors/datasets/uniprot_pdb_benigns/pdbs/5v89.pdb
benign_Q96AZ6,0,/mnt/nw/home/m.yu/repos/foundry/detectors/datasets/uniprot_pdb_benigns/pdbs/1wlj.pdb
benign_Q96FT9,0,/mnt/nw/home/m.yu/repos/foundry/detectors/datasets/uniprot_pdb_benigns/pdbs/8bbe.pdb
benign_Q96GY3,0,/mnt/nw/home/m.yu/repos/foundry/detectors/datasets/uniprot_pdb_benigns/pdbs/7n40.pdb
benign_Q96JC9,0,/mnt/nw/home/m.yu/repos/foundry/detectors/datasets/uniprot_pdb_benigns/pdbs/7okx.pdb
benign_Q99417,0,/mnt/nw/home/m.yu/repos/foundry/detectors/datasets/uniprot_pdb_benigns/pdbs/2yy0.pdb
benign_Q99748,0,/mnt/nw/home/m.yu/repos/foundry/detectors/datasets/uniprot_pdb_benigns/pdbs/5mr4.pdb
benign_Q99969,0,/mnt/nw/home/m.yu/repos/foundry/detectors/datasets/uniprot_pdb_benigns/pdbs/7ykd.pdb
benign_Q9BS16,0,/mnt/nw/home/m.yu/repos/foundry/detectors/datasets/uniprot_pdb_benigns/pdbs/7pb4.pdb
benign_Q9BSB4,0,/mnt/nw/home/m.yu/repos/foundry/detectors/datasets/uniprot_pdb_benigns/pdbs/4wzg.pdb
benign_Q9BTT4,0,/mnt/nw/home/m.yu/repos/foundry/detectors/datasets/uniprot_pdb_benigns/pdbs/7emf.pdb
benign_Q9BXW4,0,/mnt/nw/home/m.yu/repos/foundry/detectors/datasets/uniprot_pdb_benigns/pdbs/2ncn.pdb
benign_Q9BZM4,0,/mnt/nw/home/m.yu/repos/foundry/detectors/datasets/uniprot_pdb_benigns/pdbs/1kcg.pdb
benign_Q9GZQ3,0,/mnt/nw/home/m.yu/repos/foundry/detectors/datasets/uniprot_pdb_benigns/pdbs/8esd.pdb
benign_Q9GZY6,0,/mnt/nw/home/m.yu/repos/foundry/detectors/datasets/uniprot_pdb_benigns/pdbs/3maz.pdb
benign_Q9H0N5,0,/mnt/nw/home/m.yu/repos/foundry/detectors/datasets/uniprot_pdb_benigns/pdbs/4c45.pdb
benign_Q9H5X1,0,/mnt/nw/home/m.yu/repos/foundry/detectors/datasets/uniprot_pdb_benigns/pdbs/2m5h.pdb
benign_Q9H6K1,0,/mnt/nw/home/m.yu/repos/foundry/detectors/datasets/uniprot_pdb_benigns/pdbs/6vhi.pdb
benign_Q9H875,0,/mnt/nw/home/m.yu/repos/foundry/detectors/datasets/uniprot_pdb_benigns/pdbs/5xjc.cif.gz
benign_Q9HD47,0,/mnt/nw/home/m.yu/repos/foundry/detectors/datasets/uniprot_pdb_benigns/pdbs/5yfg.pdb
benign_Q9NPF7,0,/mnt/nw/home/m.yu/repos/foundry/detectors/datasets/uniprot_pdb_benigns/pdbs/3d85.pdb
benign_Q9NSA1,0,/mnt/nw/home/m.yu/repos/foundry/detectors/datasets/uniprot_pdb_benigns/pdbs/5vaq.pdb
benign_Q9NWZ8,0,/mnt/nw/home/m.yu/repos/foundry/detectors/datasets/uniprot_pdb_benigns/pdbs/7bbl.pdb
benign_Q9NYS0,0,/mnt/nw/home/m.yu/repos/foundry/detectors/datasets/uniprot_pdb_benigns/pdbs/9qu1.pdb
benign_Q9NZS2,0,/mnt/nw/home/m.yu/repos/foundry/detectors/datasets/uniprot_pdb_benigns/pdbs/8qmd.pdb
benign_Q9NZV6,0,/mnt/nw/home/m.yu/repos/foundry/detectors/datasets/uniprot_pdb_benigns/pdbs/3mao.pdb
benign_Q9P021,0,/mnt/nw/home/m.yu/repos/foundry/detectors/datasets/uniprot_pdb_benigns/pdbs/7dvq.pdb
benign_Q9P0T7,0,/mnt/nw/home/m.yu/repos/foundry/detectors/datasets/uniprot_pdb_benigns/pdbs/9dnx.cif.gz
benign_Q9UBI1,0,/mnt/nw/home/m.yu/repos/foundry/detectors/datasets/uniprot_pdb_benigns/pdbs/8f2r.pdb
benign_Q9UMY1,0,/mnt/nw/home/m.yu/repos/foundry/detectors/datasets/uniprot_pdb_benigns/pdbs/7mq8.cif.gz
benign_Q9Y530,0,/mnt/nw/home/m.yu/repos/foundry/detectors/datasets/uniprot_pdb_benigns/pdbs/2eee.pdb
benign_Q9Y5J6,0,/mnt/nw/home/m.yu/repos/foundry/detectors/datasets/uniprot_pdb_benigns/pdbs/7cgp.pdb
benign_Q9Y5W9,0,/mnt/nw/home/m.yu/repos/foundry/detectors/datasets/uniprot_pdb_benigns/pdbs/4ikb.pdb
benign_O14931,0,/mnt/nw/home/m.yu/repos/foundry/detectors/datasets/uniprot_pdb_benigns/pdbs/3noi.pdb
benign_O14972,0,/mnt/nw/home/m.yu/repos/foundry/detectors/datasets/uniprot_pdb_benigns/pdbs/8p0x.cif.gz
benign_O43513,0,/mnt/nw/home/m.yu/repos/foundry/detectors/datasets/uniprot_pdb_benigns/pdbs/7emf.pdb
benign_O75446,0,/mnt/nw/home/m.yu/repos/foundry/detectors/datasets/uniprot_pdb_benigns/pdbs/2kdp.pdb
benign_O76080,0,/mnt/nw/home/m.yu/repos/foundry/detectors/datasets/uniprot_pdb_benigns/pdbs/7qxw.cif.gz
benign_O95057,0,/mnt/nw/home/m.yu/repos/foundry/detectors/datasets/uniprot_pdb_benigns/pdbs/2gf0.pdb
benign_O95407,0,/mnt/nw/home/m.yu/repos/foundry/detectors/datasets/uniprot_pdb_benigns/pdbs/3k51.pdb
benign_O95997,0,/mnt/nw/home/m.yu/repos/foundry/detectors/datasets/uniprot_pdb_benigns/pdbs/7nj0.pdb
benign_P0DP24,0,/mnt/nw/home/m.yu/repos/foundry/detectors/datasets/uniprot_pdb_benigns/pdbs/3o77.pdb
benign_P14138,0,/mnt/nw/home/m.yu/repos/foundry/detectors/datasets/uniprot_pdb_benigns/pdbs/6igk.pdb
benign_P23582,0,/mnt/nw/home/m.yu/repos/foundry/detectors/datasets/uniprot_pdb_benigns/pdbs/1jdp.pdb
benign_P30046,0,/mnt/nw/home/m.yu/repos/foundry/detectors/datasets/uniprot_pdb_benigns/pdbs/1dpt.pdb
benign_P35318,0,/mnt/nw/home/m.yu/repos/foundry/detectors/datasets/uniprot_pdb_benigns/pdbs/2fly.pdb
benign_P41238,0,/mnt/nw/home/m.yu/repos/foundry/detectors/datasets/uniprot_pdb_benigns/pdbs/6x91.pdb
benign_P42127,0,/mnt/nw/home/m.yu/repos/foundry/detectors/datasets/uniprot_pdb_benigns/pdbs/1y7j.pdb
benign_P48645,0,/mnt/nw/home/m.yu/repos/foundry/detectors/datasets/uniprot_pdb_benigns/pdbs/7w53.pdb
benign_P57052,0,/mnt/nw/home/m.yu/repos/foundry/detectors/datasets/uniprot_pdb_benigns/pdbs/2ywk.pdb
benign_Q13519,0,/mnt/nw/home/m.yu/repos/foundry/detectors/datasets/uniprot_pdb_benigns/pdbs/8f7x.pdb
benign_Q15013,0,/mnt/nw/home/m.yu/repos/foundry/detectors/datasets/uniprot_pdb_benigns/pdbs/2qyf.pdb
benign_Q16655,0,/mnt/nw/home/m.yu/repos/foundry/detectors/datasets/uniprot_pdb_benigns/pdbs/2gt9.pdb
benign_Q16663,0,/mnt/nw/home/m.yu/repos/foundry/detectors/datasets/uniprot_pdb_benigns/pdbs/2hcc.pdb
benign_Q5T0T0,0,/mnt/nw/home/m.yu/repos/foundry/detectors/datasets/uniprot_pdb_benigns/pdbs/2d8s.pdb
benign_Q6P1N9,0,/mnt/nw/home/m.yu/repos/foundry/detectors/datasets/uniprot_pdb_benigns/pdbs/2xio.pdb
benign_Q7LBR1,0,/mnt/nw/home/m.yu/repos/foundry/detectors/datasets/uniprot_pdb_benigns/pdbs/3eab.pdb
benign_Q7Z5G4,0,/mnt/nw/home/m.yu/repos/foundry/detectors/datasets/uniprot_pdb_benigns/pdbs/8hf3.pdb
benign_Q86TS9,0,/mnt/nw/home/m.yu/repos/foundry/detectors/datasets/uniprot_pdb_benigns/pdbs/3j7y.pdb
